Columna1,Fecha Prod.,Hora Proceso,Muestra,Punto,Código,Producto,OP,CANT. BACHES A PRODUCIR,# BACHE,m1,m2,Porcentaje Durabilidad,Dureza,% Finos,Criba,Granulometría 10,Granulometría 12,Granulometría 14,Granulometría 16,Granulometría Pan,OPERADOR,Analista,OBSERVACIONES,Columna2,Unnamed: 25,Fecha
1.0,2025-01-04 00:00:00,13:50:00,PELLET,ZARANDA 1,200544.0,FINALIZADOR,36.0,25.0,4.0,500.0,446.0,89.2,3.7,10.799999999999997,,,,,,,,LUZ ANGELA TOCORA ,,,,2025-01-04
2.0,2025-01-04 00:00:00,16:50:00,PELLET,ZARANDA 1,200544.0,FINALIZADOR,36.0,25.0,7.0,500.0,459.5,91.9,3.5,8.099999999999994,,,,,,,,LUZ ANGELA TOCORA ,,,,2025-01-04
3.0,2025-01-04 00:00:00,18:15:00,PELLET,ZARANDA 1,200544.0,FINALIZADOR,36.0,25.0,11.0,500.0,456.5,91.3,3.9,8.700000000000003,,,,,,,,LUZ ANGELA TOCORA ,,,,2025-01-04
4.0,2025-01-05 00:00:00,11:00:00,PELLET,ZARANDA 1,200544.0,FINALIZADOR,36.0,25.0,17.0,500.0,452.0,90.4,3.8,9.599999999999994,,,,,,,,LUZ ANGELA TOCORA ,,,,2025-01-05
5.0,2025-01-05 00:00:00,12:50:00,PELLET,ZARANDA 1,200544.0,FINALIZADOR,36.0,25.0,22.0,500.0,461.5,92.3,3.7,7.700000000000003,,,,,,,,LUZ ANGELA TOCORA ,,,,2025-01-05
6.0,2025-01-05 00:00:00,16:30:00,PELLET,ZARANDA 1,200544.0,FINALIZADOR,37.0,23.0,4.0,500.0,455.0,91.0,3.5,9.0,,,,,,,,LUZ ANGELA TOCORA ,,,,2025-01-05
7.0,2025-01-05 00:00:00,17:40:00,PELLET,ZARANDA 1,200544.0,FINALIZADOR,37.0,23.0,8.0,500.0,466.0,93.2,3.6,6.799999999999997,,,,,,,,LUZ ANGELA TOCORA ,,,,2025-01-05
8.0,2025-01-05 00:00:00,18:40:00,PELLET,ZARANDA 1,200544.0,FINALIZADOR,27.0,23.0,12.0,500.0,434.5,86.9,3.1,13.099999999999994,,,,,,,,LUZ ANGELA TOCORA ,,,,2025-01-05
9.0,2025-01-04 00:00:00,12:00:00,MOLIENDA,TOLVA,200544.0,FINALIZADOR,36.0,25.0,5.0,,,,,,"2,5-3,0",0.2,0.88,1.68,8.12,89.11999999999999,,BRAYAN HERRERA,,,,2025-01-04
10.0,2025-01-04 00:00:00,16:30:00,MOLIENDA,TOLVA,200544.0,FINALIZADOR,36.0,25.0,10.0,,,,,,"2,5-3,0",0.28,1.36,8.8,7.4,82.16,,BRAYAN HERRERA,,,,2025-01-04
11.0,2025-01-05 00:00:00,11:00:00,MOLIENDA,TOLVA,200544.0,FINALIZADOR,36.0,25.0,21.0,,,,,,"2,5-3,0",0.12,0.68,7.32,8.12,83.75999999999999,,BRAYAN HERRERA,,,,2025-01-05
12.0,2025-01-05 00:00:00,13:00:00,MOLIENDA,TOLVA,200544.0,FINALIZADOR,36.0,25.0,25.0,,,,,,"2,5-3,0",0.2,1.16,8.88,8.16,81.60000000000001,,BRAYAN HERRERA,,,,2025-01-05
13.0,2025-01-05 00:00:00,16:30:00,MOLIENDA,TOLVA,200544.0,FINALIZADOR,37.0,23.0,5.0,,,,,,"2,5-3,0",0.2,1.12,8.24,7.8,82.64,,BRAYAN HERRERA,,,,2025-01-05
14.0,2025-01-06 00:00:00,10:00:00,MOLIENDA,TOLVA,200544.0,FINALIZADOR,38.0,8.0,5.0,,,,,,"2,5-3,0",0.08,0.64,5.08,4.16,90.04,,LUZ ANGELA TOCORA ,,,,2025-01-06
15.0,2025-01-06 00:00:00,11:30:00,PELLET,ZARANDA 1,200544.0,FINALIZADOR,38.0,8.0,5.0,500.0,464.5,92.9,2.7,7.099999999999994,,,,,,,,LUZ ANGELA TOCORA ,,,,2025-01-06
16.0,2025-01-06 00:00:00,13:50:00,MOLIENDA,TOLVA,200542.0,LEVANTE,39.0,15.0,8.0,,,,,,"2,5-3,0",0.24,1.36,9.24,6.92,82.24000000000001,,LUZ ANGELA TOCORA ,,,,2025-01-06
17.0,2025-01-06 00:00:00,14:35:00,PELLET,ZARANDA 1,200541.0,LEVANTE,39.0,15.0,4.0,500.0,456.0,91.2,2.68,8.799999999999997,,,,,,,,LUZ ANGELA TOCORA ,,,,2025-01-06
18.0,2025-01-06 00:00:00,16:00:00,PELLET,ZARANDA 1,200541.0,LEVANTE,39.0,15.0,8.0,500.0,454.5,90.9,2.7,9.099999999999994,,,,,,,,LUZ ANGELA TOCORA ,,,,2025-01-06
19.0,2025-01-06 00:00:00,17:00:00,MOLIENDA,TOLVA,200541.0,LEVANTE,39.0,15.0,15.0,,,,,,,0.16,0.76,6.36,5.88,86.84,,LUZ ANGELA TOCORA ,,,,2025-01-06
20.0,2025-01-06 00:00:00,17:30:00,PELLET,ZARANDA 1,200541.0,LEVANTE,39.0,15.0,12.0,500.0,469.5,93.9,2.8,6.099999999999994,,,,,,,,LUZ ANGELA TOCORA ,,,,2025-01-06
21.0,2025-01-06 00:00:00,19:15:00,PELLET,ZARANDA 1,200542.0,LEVANTE,40.0,1.0,1.0,500.0,459.5,91.9,2.6,8.099999999999994,,,,,,,,LUZ ANGELA TOCORA ,,,,2025-01-06
22.0,2025-01-06 00:00:00,20:00:00,MOLIENDA,TOLVA,200542.0,LEVANTE,40.0,1.0,1.0,,,,,,,0.2,0.52,5.56,4.56,89.16,,LUZ ANGELA TOCORA ,,,,2025-01-06
23.0,2025-01-06 00:00:00,21:00:00,PELLET,ZARANDA 1,200542.0,LEVANTE,41.0,19.0,4.0,500.0,455.0,91.0,3.03,9.0,,,,,,,,LUZ ANGELA TOCORA ,,,,2025-01-06
24.0,2025-01-06 00:00:00,21:00:00,MOLIENDA,TOLVA,200542.0,LEVANTE,41.0,19.0,5.0,,,,,,"2,5-3,0",0.32,1.16,9.4,7.6,81.52000000000001,,LUZ ANGELA TOCORA ,,,,2025-01-06
25.0,2025-01-06 00:00:00,21:50:00,MOLIENDA,TOLVA,200542.0,LEVANTE,41.0,19.0,10.0,,,,,,"2,5-3,0",0.24,1.2,9.72,5.42,83.42,,LUZ ANGELA TOCORA ,,,,2025-01-06
26.0,2025-01-06 00:00:00,22:10:00,PELLET,ZARANDA 1,200542.0,LEVANTE,41.0,19.0,9.0,500.0,460.0,92.0,2.84,8.0,,,,,,,,LUZ ANGELA TOCORA ,,,,2025-01-06
27.0,2025-01-07 00:00:00,09:50:00,MOLIENDA,TOLVA,200542.0,LEVANTE,41.0,19.0,16.0,,,,,,"2,5-3,0",0.28,1.04,7.92,6.72,84.03999999999999,,LUZ ANGELA TOCORA ,,,,2025-01-07
28.0,2025-01-07 00:00:00,10:20:00,PELLET,ZARANDA 1,200542.0,LEVANTE,41.0,19.0,16.0,500.0,435.0,87.0,2.08,13.0,,,,,,,,LUZ ANGELA TOCORA ,,,,2025-01-07
29.0,2025-01-07 00:00:00,13:15:00,PELLET,ZARANDA 1,200543.0,ENGORDE,42.0,10.0,4.0,500.0,455.5,91.1,2.9,8.900000000000006,,,,,,,,VANESSA LOSADA,,,,2025-01-07
30.0,2025-01-07 00:00:00,15:30:00,PELLET,ZARANDA 1,200543.0,ENGORDE,42.0,10.0,8.0,500.0,460.5,92.1,3.0,7.900000000000006,,,,,,,,VANESSA LOSADA,,,,2025-01-07
31.0,2025-01-07 00:00:00,17:30:00,PELLET,ZARANDA 1,200541.0,LEVANTE,43.0,35.0,4.0,500.0,455.0,91.0,2.9,9.0,,,,,,,,VANESSA LOSADA,,,,2025-01-07
32.0,2025-01-07 00:00:00,18:40:00,PELLET,ZARANDA 1,200541.0,LEVANTE,43.0,35.0,8.0,500.0,467.0,93.4,2.8,6.599999999999994,,,,,,,,VANESSA LOSADA,,,,2025-01-07
33.0,2025-01-07 00:00:00,19:40:00,PELLET,ZARANDA 1,200541.0,LEVANTE,43.0,35.0,12.0,500.0,463.5,92.7,3.0,7.299999999999997,,,,,,,,VANESSA LOSADA,,,,2025-01-07
34.0,2025-01-07 00:00:00,20:40:00,PELLET,ZARANDA 1,200541.0,LEVANTE,43.0,35.0,16.0,500.0,450.0,90.0,2.8,10.0,,,,,,,,VANESSA LOSADA,,,,2025-01-07
35.0,2025-01-08 00:00:00,10:40:00,PELLET,ZARANDA 1,200541.0,LEVANTE,43.0,35.0,23.0,500.0,464.0,92.8,2.5,7.200000000000003,,,,,,,,VANESSA LOSADA,,,,2025-01-08
36.0,2025-01-09 00:00:00,14:00:00,MOLIENDA,TOLVA,200543.0,ENGORDE,46.0,10.0,5.0,,,,,,"2,5-3,0",0.16,0.84,7.12,8.24,83.64,,NATALIA RODRIGUEZ,,,,2025-01-09
61.0,2025-01-09 00:00:00,11:10:00,PELLET,ZARANDA 1,200542.0,LEVANTE,45.0,20.0,16.0,500.0,439.0,87.8,2.89,12.200000000000003,,,,,,,,VANESSA LOSADA,,,,2025-01-09
62.0,2025-01-09 00:00:00,14:45:00,PELLET,ZARANDA 1,200543.0,ENGORDE,46.0,10.0,4.0,500.0,472.0,94.4,2.86,5.599999999999994,,,,,,,,VANESSA LOSADA,,,,2025-01-09
63.0,2025-01-09 00:00:00,16:30:00,PELLET,ZARANDA 1,200543.0,ENGORDE,46.0,10.0,8.0,500.0,451.0,90.2,2.82,9.799999999999997,,,,,,,,VANESSA LOSADA,,,,2025-01-09
64.0,2025-01-09 00:00:00,17:30:00,MOLIENDA,TOLVA,200541.0,LEVANTE,47.0,33.0,5.0,,,,,,"2,5-3,0",0.12,0.6,6.32,6.48,86.48,,VANESSA LOSADA,,,,2025-01-09
65.0,2025-01-09 00:00:00,18:00:00,PELLET,ZARANDA 1,200541.0,LEVANTE,47.0,35.0,4.0,500.0,474.0,94.8,3.0,5.200000000000003,,,,,,,,VANESSA LOSADA,,,,2025-01-09
66.0,2025-01-09 00:00:00,18:30:00,MOLIENDA,TOLVA,200541.0,LEVANTE,47.0,35.0,10.0,,,,,,"2,5-3,0",0.16,0.48,5.04,6.16,88.16,,VANESSA LOSADA,,,,2025-01-09
67.0,2025-01-09 00:00:00,19:10:00,PELLET,ZARANDA 1,200541.0,LEVANTE,47.0,35.0,8.0,500.0,445.0,89.0,2.97,11.0,,,,,,,,VANESSA LOSADA,,,,2025-01-09
68.0,2025-01-09 00:00:00,19:30:00,MOLIENDA,TOLVA,200541.0,LEVANTE,47.0,35.0,15.0,,,,,,"2,5-3,0",0.32,0.68,6.72,7.32,84.96000000000001,,VANESSA LOSADA,,,,2025-01-09
69.0,2025-01-09 00:00:00,20:10:00,PELLET,ZARANDA 1,200541.0,LEVANTE,47.0,35.0,12.0,500.0,449.0,89.8,3.0,10.200000000000003,,,,,,,,VANESSA LOSADA,,,,2025-01-09
70.0,2025-01-09 00:00:00,20:30:00,MOLIENDA,TOLVA,200541.0,LEVANTE,47.0,35.0,20.0,,,,,,"2,5-3,0",0.08,0.8,7.6,8.68,82.84,,VANESSA LOSADA,,,,2025-01-09
71.0,2025-01-10 00:00:00,10:00:00,MOLIENDA,TOLVA,200541.0,LEVANTE,47.0,35.0,24.0,,,,,,"2,5-3,0",0.28,0.36,6.96,7.68,84.72,,VANESSA LOSADA,,,,2025-01-10
37.0,2025-01-09 00:00:00,15:00:00,MOLIENDA,TOLVA,200543.0,ENGORDE,46.0,10.0,10.0,,,,,,"2,5-3,0",0.08,0.76,6.64,6.68,85.84,,NATALIA RODRIGUEZ,,,,2025-01-09
38.0,2025-01-10 00:00:00,07:00:00,MOLIENDA,TOLVA,200541.0,LEVANTE,48.0,35.0,5.0,,,,,,"2,5-3,0",0.12,0.72,6.12,6.08,86.96,,LUZ ANGELA TOCORA ,,,,2025-01-10
39.0,2025-01-10 00:00:00,08:00:00,MOLIENDA,TOLVA,200541.0,LEVANTE,48.0,35.0,10.0,,,,,,"2,5-3,0",0.2,1.12,8.68,7.84,82.16,,LUZ ANGELA TOCORA ,,,,2025-01-10
40.0,2025-01-10 00:00:00,10:20:00,MOLIENDA,TOLVA,200542.0,LEVANTE,45.0,20.0,10.0,,,,,,"2,5-3,0",0.08,0.44,5.36,5.28,88.84,,NATALIA RODRIGUEZ,,,,2025-01-10
41.0,2025-01-10 00:00:00,11:00:00,MOLIENDA,TOLVA,200541.0,LEVANTE,47.0,35.0,31.0,,,,,,"2,5-3,0",0.12,0.68,6.44,6.16,86.6,,NATALIA RODRIGUEZ,,,,2025-01-10
42.0,2025-01-10 00:00:00,13:00:00,PELLET,ZARANDA 1,200541.0,LEVANTE,47.0,35.0,27.0,500.0,455.0,91.0,3.1,9.0,,,,,,,,NATALIA RODRIGUEZ,,,,2025-01-10
43.0,2025-01-10 00:00:00,22:00:00,PELLET,ZARANDA 1,200541.0,LEVANTE,48.0,35.0,4.0,500.0,467.0,93.4,3.2,6.599999999999994,,,,,,,,NATALIA RODRIGUEZ,,,,2025-01-10
44.0,2025-01-11 00:00:00,09:50:00,MOLIENDA,TOLVA,200541.0,LEVANTE,48.0,35.0,15.0,,,,,,"2,5-3,0",0.16,0.56,4.84,5.2,89.24,,NATALIA RODRIGUEZ,,,,2025-01-11
45.0,2025-01-11 00:00:00,10:50:00,MOLIENDA,TOLVA,200541.0,LEVANTE,48.0,35.0,22.0,,,,,,"2,5-3,0",0.12,0.76,6.84,6.32,85.95999999999998,,NATALIA RODRIGUEZ,,,,2025-01-11
46.0,2025-01-11 00:00:00,11:40:00,PELLET,ZARANDA 1,200541.0,LEVANTE,47.0,35.0,20.0,500.0,470.0,94.0,3.1,6.0,,,,,,,,NATALIA RODRIGUEZ,,,,2025-01-11
47.0,2025-01-11 00:00:00,13:10:00,PELLET,ZARANDA 1,200541.0,LEVANTE,48.0,35.0,11.0,500.0,467.0,93.4,3.2,6.599999999999994,,,,,,,,NATALIA RODRIGUEZ,,,,2025-01-11
48.0,2025-01-11 00:00:00,14:30:00,PELLET,ZARANDA 1,200541.0,LEVANTE,48.0,35.0,16.0,500.0,455.0,91.0,3.0,9.0,,,,,,,,NATALIA RODRIGUEZ,,,,2025-01-11
49.0,2025-01-11 00:00:00,16:00:00,MOLIENDA,TOLVA,200541.0,LEVANTE,48.0,35.0,26.0,,,,,,"2,5-3,0",0.64,2.24,9.32,6.96,80.84000000000002,,NATALIA RODRIGUEZ,,,,2025-01-11
50.0,2025-01-11 00:00:00,16:00:00,MOLIENDA,TOLVA,200541.0,LEVANTE,48.0,35.0,26.0,,,,,,"2,5-3,0",0.32,2.2,9.44,6.36,81.68,,NATALIA RODRIGUEZ,,,,2025-01-11
51.0,2025-01-11 00:00:00,16:00:00,MOLIENDA,TOLVA,200541.0,LEVANTE,48.0,35.0,26.0,,,,,,"2,5-3,0",0.52,2.08,9.12,6.48,81.8,,NATALIA RODRIGUEZ,,,,2025-01-11
52.0,2025-01-11 00:00:00,16:30:00,MOLIENDA,TOLVA,200541.0,LEVANTE,48.0,35.0,35.0,,,,,,"2,5-3,0",0.08,0.48,5.32,6.28,87.84,,LUZ ANGELA TOCORA ,,,,2025-01-11
53.0,2025-01-11 00:00:00,17:30:00,MOLIENDA,TOLVA,200541.0,LEVANTE,48.0,35.0,29.0,,,,,,"2,5-3,0",0.04,0.52,4.44,4.88,90.12,,LUZ ANGELA TOCORA ,,,,2025-01-11
54.0,2025-01-11 00:00:00,19:00:00,PELLET,ZARANDA 1,200541.0,LEVANTE,48.0,35.0,32.0,500.0,460.0,92.0,3.02,8.0,,,,,,,,NATALIA RODRIGUEZ,,,,2025-01-11
55.0,2025-01-11 00:00:00,19:00:00,MOLIENDA,TOLVA,200544.0,FINALIZADOR,49.0,1.0,1.0,,,,,,"2,5-3,0",0.08,0.52,5.44,5.6,88.36000000000001,,LUZ ANGELA TOCORA ,,,,2025-01-11
56.0,2025-01-11 00:00:00,20:00:00,MOLIENDA,TOLVA,200544.0,FINALIZADOR,50.0,19.0,3.0,,,,,,"2,5-3,0",0.12,0.48,4.64,4.92,89.83999999999999,,LUZ ANGELA TOCORA ,,,,2025-01-11
57.0,2025-01-11 00:00:00,,PELLET,ZARANDA 1,200541.0,LEVANTE,48.0,35.0,25.0,500.0,458.0,91.6,3.09,8.400000000000006,,,,,,,,LUZ ANGELA TOCORA ,,,,2025-01-11
58.0,2024-12-01,09:00:00,MOLIENDA,TOLVA,200544.0,FINALIZADOR,50.0,19.0,10.0,,,,,,"2,5-3,0",0.16,0.72,7.36,6.64,85.12,,LUZ ANGELA TOCORA ,,,,2024-12-01
59.0,2024-12-01,10:00:00,MOLIENDA,TOLVA,200544.0,FINALIZADOR,50.0,19.0,15.0,,,,,,"2,5-3,0",0.12,0.84,6.52,5.8,86.72,,LUZ ANGELA TOCORA ,,,,2024-12-01
60.0,2024-12-01,12:00:00,MOLIENDA,TOLVA,200542.0,LEVANTE,45.0,20.0,20.0,,,,,,"2,5-3,0",0.2,1.24,8.4,7.12,83.03999999999999,,LUZ ANGELA TOCORA ,,,,2024-12-01
72.0,2025-01-14 00:00:00,16:45:00,MOLIENDA,TOLVA,200543.0,ENGORDE,56.0,10.0,8.0,,,,,,"2,5-3,0",0.08,0.24,5.62,6.58,87.48,,VANESSA LOSADA,,,,2025-01-14
73.0,2025-01-14 00:00:00,15:00:00,PELLET,ZARANDA 1,200542.0,LEVANTE,55.0,14.0,10.0,500.0,455.5,91.1,3.1,8.900000000000006,,,,,,,,VANESSA LOSADA,,,,2025-01-14
74.0,2025-01-14 00:00:00,18:00:00,PELLET,ZARANDA 1,200543.0,ENGORDE,56.0,10.0,4.0,500.0,437.0,87.4,3.0,12.599999999999994,,,,,,,,VANESSA LOSADA,,,,2025-01-14
75.0,2025-01-14 00:00:00,19:40:00,MOLIENDA,TOLVA,200541.0,LEVANTE,57.0,17.0,6.0,,,,,,"2,5-3,0",0.12,0.44,7.92,8.04,83.47999999999999,,VANESSA LOSADA,,,,2025-01-14
76.0,2025-01-14 00:00:00,22:00:00,MOLIENDA,TOLVA,200541.0,LEVANTE,57.0,17.0,12.0,,,,,,"2,5-3,0",0.12,0.32,6.28,5.42,87.86,,VANESSA LOSADA,,,,2025-01-14
77.0,2025-01-15 00:00:00,23:00:00,MOLIENDA,TOLVA,200541.0,LEVANTE,58.0,28.0,3.0,,,,,,"2,5-3,0",0.24,1.48,9.76,8.04,80.47999999999999,,VANESSA LOSADA,,,,2025-01-15
78.0,2025-01-15 00:00:00,12:00:00,MOLIENDA,TOLVA,200541.0,LEVANTE,58.0,28.0,8.0,,,,,,"2,5-3,0",0.24,1.16,9.84,8.26,80.5,,VANESSA LOSADA,,,,2025-01-15
79.0,2025-01-15 00:00:00,12:50:00,PELLET,ZARANDA 1,200541.0,LEVANTE,57.0,17.0,8.0,500.0,467.0,93.4,3.2,6.599999999999994,,,,,,,,VANESSA LOSADA,,,,2025-01-15
80.0,2025-01-15 00:00:00,09:00:00,PELLET,ZARANDA 1,200541.0,LEVANTE,57.0,17.0,15.0,500.0,464.5,92.9,3.5,7.099999999999994,,,,,,,,VANESSA LOSADA,,,,2025-01-15
81.0,2025-01-14 00:00:00,19:20:00,PELLET,ZARANDA 1,200543.0,ENGORDE,56.0,10.0,8.0,500.0,461.0,92.2,3.0,7.799999999999997,,,,,,,,BRAYAN HERRERA,,,,2025-01-14
82.0,2025-01-14 00:00:00,23:00:00,PELLET,ZARANDA 1,200541.0,LEVANTE,57.0,17.0,4.0,500.0,448.0,89.6,3.3,10.400000000000006,,,,,,,,BRAYAN HERRERA,,,,2025-01-14
83.0,2025-01-15 00:00:00,02:00:00,PELLET,ZARANDA 1,200541.0,LEVANTE,57.0,17.0,12.0,500.0,454.0,90.8,3.5,9.200000000000003,,,,,,,,BRAYAN HERRERA,,,,2025-01-15
84.0,2025-01-15 00:00:00,08:30:00,PELLET,ZARANDA 1,200541.0,LEVANTE,58.0,28.0,25.0,500.0,463.5,92.7,3.3,7.299999999999997,,,,,,,,VANESSA LOSADA,,,,2025-01-15
85.0,2025-01-15 00:00:00,12:00:00,PELLET,ZARANDA 1,200541.0,LEVANTE,58.0,28.0,4.0,500.0,455.0,91.0,3.5,9.0,,,,,,,,VANESSA LOSADA,,,,2025-01-15
86.0,2025-01-15 00:00:00,14:00:00,MOLIENDA,TOLVA,200541.0,LEVANTE,58.0,28.0,13.0,,,,,,"2,5-3,0",0.08,1.32,9.96,7.4,81.24000000000001,,VANESSA LOSADA,,,,2025-01-15
87.0,2025-01-15 00:00:00,13:00:00,PELLET,ZARANDA 1,200541.0,LEVANTE,58.0,28.0,8.0,500.0,462.5,92.5,3.6,7.5,,,,,,,,VANESSA LOSADA,,,,2025-01-15
88.0,2025-01-15 00:00:00,15:00:00,MOLIENDA,TOLVA,200541.0,LEVANTE,58.0,28.0,23.0,,,,,,"2,5-3,0",0.32,0.94,6.68,5.28,86.78,,VANESSA LOSADA,,,,2025-01-15
89.0,2025-01-15 00:00:00,15:15:00,PELLET,ZARANDA 1,200541.0,LEVANTE,58.0,28.0,12.0,500.0,468.0,93.6,3.4,6.400000000000006,,,,,,,,VANESSA LOSADA,,,,2025-01-15
90.0,2025-01-15 00:00:00,15:30:00,MOLIENDA,TOLVA,200541.0,LEVANTE,58.0,28.0,27.0,,,,,,"2,5-3,0",0.32,1.72,9.0,6.4,82.56,,VANESSA LOSADA,,,,2025-01-15
91.0,2025-01-15 00:00:00,16:30:00,PELLET,ZARANDA 1,200541.0,LEVANTE,58.0,28.0,16.0,500.0,455.0,91.0,3.0,9.0,,,,,,,,VANESSA LOSADA,,,,2025-01-15
92.0,2025-01-15 00:00:00,18:50:00,PELLET,ZARANDA 1,200541.0,LEVANTE,58.0,28.0,21.0,500.0,464.5,92.9,3.1,7.099999999999994,,,,,,,,VANESSA LOSADA,,,,2025-01-15
93.0,2025-01-15 00:00:00,20:50:00,MOLIENDA,TOLVA,200544.0,FINALIZADOR,59.0,15.0,4.0,,,,,,"2,5-3,0",0.08,0.98,8.04,7.72,83.18,,VANESSA LOSADA,,,,2025-01-15
94.0,2025-01-15 00:00:00,21:40:00,MOLIENDA,TOLVA,200544.0,FINALIZADOR,59.0,15.0,10.0,,,,,,"2,5-3,0",0.24,0.48,5.86,6.28,87.14,,VANESSA LOSADA,,,,2025-01-15
95.0,2025-01-15 00:00:00,22:50:00,MOLIENDA,TOLVA,200544.0,FINALIZADOR,59.0,15.0,15.0,,,,,,"2,5-3,0",0.12,1.16,7.36,5.84,85.52,,VANESSA LOSADA,,,,2025-01-15
96.0,2025-01-15 00:00:00,23:00:00,PELLET,ZARANDA 1,200544.0,FINALIZADOR,59.0,15.0,4.0,500.0,469.5,93.9,3.6,6.099999999999994,,,,,,,,VANESSA LOSADA,,,,2025-01-15
97.0,2025-01-16 00:00:00,08:00:00,MOLIENDA,TOLVA,200542.0,LEVANTE,60.0,15.0,4.0,,,,,,"2,5-3,0",0.12,0.72,6.8,6.28,86.08,,VANESSA LOSADA,,,,2025-01-16
98.0,2025-01-16 00:00:00,08:40:00,MOLIENDA,TOLVA,200542.0,LEVANTE,60.0,15.0,8.0,,,,,,"2,5-3,0",0.08,0.76,6.88,6.12,86.16,,VANESSA LOSADA,,,,2025-01-16
99.0,2025-01-16 00:00:00,12:20:00,PELLET,ZARANDA 1,200544.0,FINALIZADOR,59.0,15.0,8.0,500.0,456.0,91.2,3.5,8.799999999999997,,,,,,,,VANESSA LOSADA,,,,2025-01-16
100.0,2025-01-16 00:00:00,13:40:00,PELLET,ZARANDA 1,200544.0,FINALIZADOR,59.0,15.0,12.0,500.0,465.5,93.1,3.6,6.900000000000006,,,,,,,,VANESSA LOSADA,,,,2025-01-16
101.0,2025-01-16 00:00:00,12:30:00,MOLIENDA,TOLVA,200542.0,LEVANTE,60.0,13.0,12.0,,,,,,,0.4,1.04,8.12,6.04,84.39999999999998,,VANESSA LOSADA,,,,2025-01-16
102.0,2025-01-16 00:00:00,12:40:00,PELLET,ZARANDA 1,200542.0,LEVANTE,60.0,15.0,11.0,500.0,458.0,91.6,3.2,8.400000000000006,,,,,,,,VANESSA LOSADA,,,,2025-01-16
103.0,2025-01-16 00:00:00,13:00:00,MOLIENDA,TOLVA,200542.0,LEVANTE,61.0,22.0,3.0,,,,,,"2,5-3,0",0.32,1.24,5.94,5.04,87.46000000000001,,VANESSA LOSADA,,,,2025-01-16
104.0,2025-01-16 00:00:00,13:30:00,PELLET,ZARANDA 1,200542.0,LEVANTE,61.0,22.0,4.0,500.0,465.0,93.0,3.1,7.0,,,,,,,,VANESSA LOSADA,,,,2025-01-16
105.0,2025-01-16 00:00:00,14:00:00,MOLIENDA,TOLVA,200542.0,LEVANTE,61.0,22.0,8.0,,,,,,"2,5-3,0",0.34,1.72,7.44,5.88,84.62,,VANESSA LOSADA,,,,2025-01-16
106.0,2025-01-16 00:00:00,15:00:00,MOLIENDA,TOLVA,200542.0,LEVANTE,61.0,22.0,13.0,,,,,,"2,5-3,0",0.36,0.48,5.04,4.72,89.39999999999999,,VANESSA LOSADA,,,,2025-01-16
107.0,2025-01-16 00:00:00,15:15:00,PELLET,ZARANDA 1,200542.0,LEVANTE,61.0,22.0,12.0,500.0,447.0,89.4,3.3,10.599999999999994,,,,,,,,VANESSA LOSADA,,,,2025-01-16
108.0,2025-01-16 00:00:00,15:50:00,MOLIENDA,TOLVA,200542.0,LEVANTE,61.0,22.0,21.0,,,,,,"2,5-3,0",0.32,0.96,7.56,5.68,85.48000000000002,,VANESSA LOSADA,,,,2025-01-16
109.0,2025-01-16 00:00:00,17:40:00,PELLET,ZARANDA 1,200542.0,LEVANTE,61.0,22.0,20.0,500.0,476.5,95.3,3.3,4.700000000000003,,,,,,,,VANESSA LOSADA,,,,2025-01-16
110.0,2025-01-16 00:00:00,19:00:00,MOLIENDA,TOLVA,200543.0,ENGORDE,62.0,5.0,4.0,,,,,,"2,5-3,0",0.24,0.96,5.84,4.52,88.44000000000001,,VANESSA LOSADA,,,,2025-01-16
111.0,2025-01-16 00:00:00,19:30:00,PELLET,ZARANDA 1,200543.0,ENGORDE,62.0,5.0,3.0,500.0,458.5,91.7,3.0,8.299999999999997,,,,,,,,VANESSA LOSADA,,,,2025-01-16
112.0,2025-01-16 00:00:00,20:45:00,PELLET,ZARANDA 1,200542.0,LEVANTE,60.0,15.0,4.0,500.0,438.5,87.7,3.3,12.299999999999997,,,,,,,,VANESSA LOSADA,,,,2025-01-16
113.0,2025-01-16 00:00:00,21:00:00,MOLIENDA,TOLVA,200541.0,LEVANTE,63.0,40.0,10.0,,,,,,"2,5-3,0",0.28,0.72,6.92,5.48,86.6,,VANESSA LOSADA,,,,2025-01-16
114.0,2025-01-16 00:00:00,21:50:00,PELLET,ZARANDA 1,200541.0,LEVANTE,63.0,40.0,5.0,500.0,464.5,92.9,3.0,7.099999999999994,,,,,,,,VANESSA LOSADA,,,,2025-01-16
115.0,2025-01-18 00:00:00,06:00:00,MOLIENDA,TOLVA,200544.0,FINALIZADOR,64.0,35.0,12.0,,,,,,"2,5-3,0",0.12,0.72,6.42,5.54,87.19999999999999,,LUZ ANGELA TOCORA ,,,,2025-01-18
116.0,2025-01-18 00:00:00,09:30:00,MOLIENDA,TOLVA,200541.0,LEVANTE,63.0,40.0,14.0,,,,,,"2,5-3,0",0.08,0.64,5.44,4.88,88.96000000000001,,LUZ ANGELA TOCORA ,,,,2025-01-18
117.0,2025-01-18 00:00:00,10:00:00,PELLET,ZARANDA 1,200541.0,LEVANTE,63.0,40.0,14.0,500.0,462.0,92.4,3.13,7.599999999999994,,,,,,,,LUZ ANGELA TOCORA ,,,,2025-01-18
118.0,2025-01-18 00:00:00,10:20:00,MOLIENDA,TOLVA,200541.0,LEVANTE,63.0,40.0,18.0,,,,,,"2,5-3,0",0.08,0.46,8.04,6.92,84.50000000000001,,LUZ ANGELA TOCORA ,,,,2025-01-18
119.0,2025-01-18 00:00:00,11:15:00,PELLET,ZARANDA 1,200541.0,LEVANTE,63.0,40.0,18.0,500.0,455.0,91.0,3.22,9.0,,,,,,,,LUZ ANGELA TOCORA ,,,,2025-01-18
120.0,2025-01-18 00:00:00,13:00:00,MOLIENDA,TOLVA,200541.0,LEVANTE,63.0,40.0,36.0,,,,,,"2,5-3,0",0.12,0.72,6.68,5.8,86.67999999999999,,LUZ ANGELA TOCORA ,,,,2025-01-18
121.0,2025-01-18 00:00:00,14:00:00,PELLET,ZARANDA 1,200541.0,LEVANTE,63.0,40.0,28.0,500.0,450.0,90.0,3.08,10.0,,,,,,,,LUZ ANGELA TOCORA ,,,,2025-01-18
122.0,2025-01-18 00:00:00,14:00:00,PELLET,ZARANDA 1,200541.0,LEVANTE,65.0,35.0,13.0,500.0,444.0,88.8,2.25,11.200000000000003,,,,,,,,LUZ ANGELA TOCORA ,,,,2025-01-18
123.0,2025-01-18 00:00:00,17:00:00,MOLIENDA,TOLVA,200544.0,FINALIZADOR,64.0,35.0,7.0,,,,,,"2,5-3,0",0.2,0.08,6.28,5.72,87.72,,LUZ ANGELA TOCORA ,,,,2025-01-18
124.0,2025-01-18 00:00:00,17:20:00,PELLET,ZARANDA 1,200544.0,FINALIZADOR,64.0,35.0,5.0,500.0,452.0,90.4,3.02,9.599999999999994,,,,,,,,LUZ ANGELA TOCORA ,,,,2025-01-18
125.0,2025-01-18 00:00:00,18:10:00,PELLET,ZARANDA 1,200544.0,FINALIZADOR,64.0,35.0,10.0,500.0,450.0,90.0,3.08,10.0,,,,,,,,LUZ ANGELA TOCORA ,,,,2025-01-18
126.0,2025-01-18 00:00:00,19:30:00,PELLET,ZARANDA 1,200544.0,FINALIZADOR,64.0,35.0,14.0,500.0,456.0,91.2,3.3,8.799999999999997,,,,,,,,LUZ ANGELA TOCORA ,,,,2025-01-18
127.0,2025-01-18 00:00:00,20:30:00,MOLIENDA,TOLVA,200544.0,FINALIZADOR,64.0,35.0,20.0,,,,,,"2,5-3,0",0.08,0.36,3.16,3.4,93.0,,LUZ ANGELA TOCORA ,,,,2025-01-18
128.0,2025-01-18 00:00:00,21:00:00,PELLET,ZARANDA 1,200544.0,FINALIZADOR,64.0,35.0,18.0,500.0,458.0,91.6,3.27,8.400000000000006,,,,,,,,LUZ ANGELA TOCORA ,,,,2025-01-18
129.0,2025-01-18 00:00:00,22:00:00,PELLET,ZARANDA 1,200544.0,FINALIZADOR,64.0,35.0,22.0,500.0,448.0,89.6,3.3,10.400000000000006,,,,,,,,LUZ ANGELA TOCORA ,,,,2025-01-18
130.0,2025-01-18 00:00:00,22:40:00,MOLIENDA,TOLVA,200541.0,LEVANTE,63.0,40.0,23.0,,,,,,"2,5-3,0",0.04,0.68,6.44,6.08,86.75999999999999,,LUZ ANGELA TOCORA ,,,,2025-01-18
131.0,2025-01-18 00:00:00,23:00:00,MOLIENDA,TOLVA,200541.0,LEVANTE,63.0,40.0,28.0,,,,,,"2,5-3,0",0.298,1.74,6.22,5.48,86.262,,LUZ ANGELA TOCORA ,,,,2025-01-18
132.0,2025-01-18 00:00:00,23:00:00,PELLET,ZARANDA 1,200544.0,FINALIZADOR,64.0,35.0,26.0,500.0,450.0,90.0,3.35,10.0,,,,,,,,LUZ ANGELA TOCORA ,,,,2025-01-18
133.0,2025-01-18 00:00:00,23:00:00,MOLIENDA,TOLVA,200544.0,FINALIZADOR,64.0,35.0,33.0,,,,,,"2,5-3,0",0.36,1.2,9.84,9.76,78.83999999999999,,LUZ ANGELA TOCORA ,,,,2025-01-18
134.0,2025-01-18 00:00:00,00:00:00,MOLIENDA,TOLVA,200541.0,LEVANTE,63.0,40.0,31.0,,,,,,"2,5-3,0",0.08,,6.84,5.84,,,LUZ ANGELA TOCORA ,,,,2025-01-18
135.0,2025-01-19 00:00:00,09:50:00,PELLET,ZARANDA 1,200544.0,FINALIZADOR,64.0,35.0,33.0,500.0,440.0,88.0,2.44,12.0,,,,,,,,LUZ ANGELA TOCORA ,,,,2025-01-19
136.0,2025-01-19 00:00:00,10:50:00,MOLIENDA,TOLVA,200541.0,LEVANTE,65.0,35.0,5.0,,,,,,"2,5-3,0",0.12,0.46,6.52,6.48,86.42,,LUZ ANGELA TOCORA ,,,,2025-01-19
137.0,2025-01-19 00:00:00,11:30:00,PELLET,ZARANDA 1,200541.0,LEVANTE,65.0,35.0,4.0,500.0,460.0,92.0,3.21,8.0,,,,,,,,LUZ ANGELA TOCORA ,,,,2025-01-19
138.0,2025-01-19 00:00:00,12:00:00,MOLIENDA,TOLVA,200541.0,LEVANTE,65.0,35.0,12.0,,,,,,"2,5-3,0",0.2,0.84,8.2,7.08,83.67999999999999,,LUZ ANGELA TOCORA ,,,,2025-01-19
139.0,2025-01-19 00:00:00,12:10:00,PELLET,ZARANDA 1,200541.0,LEVANTE,65.0,35.0,6.0,500.0,447.0,89.4,2.52,10.599999999999994,,,,,,,,LUZ ANGELA TOCORA ,,,,2025-01-19
140.0,2025-01-19 00:00:00,13:30:00,PELLET,ZARANDA 1,200541.0,LEVANTE,65.0,35.0,12.0,500.0,450.0,90.0,3.0,10.0,,,,,,,,LUZ ANGELA TOCORA ,,,,2025-01-19
141.0,2025-01-19 00:00:00,13:40:00,MOLIENDA,TOLVA,200541.0,LEVANTE,65.0,35.0,21.0,,,,,,"2,5-3,0",0.08,0.72,7.6,7.16,84.44000000000001,,LUZ ANGELA TOCORA ,,,,2025-01-19
142.0,2025-01-19 00:00:00,14:50:00,MOLIENDA,TOLVA,200541.0,LEVANTE,65.0,35.0,29.0,,,,,,"2,5-3,0",0.16,0.56,5.2,5.44,88.64,,LUZ ANGELA TOCORA ,,,,2025-01-19
145.0,2025-01-20 00:00:00,13:10:00,PELLET,ZARANDA 1,200541.0,LEVANTE,65.0,35.0,30.0,500.0,436.0,87.2,3.0,12.799999999999997,,,,,,,,VANESSA LOSADA,,,,2025-01-20
146.0,2025-01-20 00:00:00,1903-08-02 00:00:00,MOLIENDA,TOLVA,200543.0,ENGORDE,66.0,10.0,5.0,,,,3.0,,"2,5-3,0",0.52,1.84,10.36,7.32,79.96000000000001,,VANESSA LOSADA,,,,2025-01-20
147.0,2025-01-20 00:00:00,14:45:00,MOLIENDA,TOLVA,200543.0,ENGORDE,66.0,10.0,10.0,,,,3.0,,"2,5-3,00",0.32,1.16,9.84,8.24,80.44000000000001,,VANESSA LOSADA,,,,2025-01-20
148.0,2025-01-20 00:00:00,16:00:00,PELLET,ZARANDA 1,200541.0,LEVANTE,65.0,35.0,21.0,500.0,464.0,92.8,3.0,7.200000000000003,,,,,,,,VANESSA LOSADA,,,,2025-01-20
149.0,2025-01-20 00:00:00,02:30:00,MOLIENDA,TOLVA,200542.0,LEVANTE,67.0,35.0,10.0,,,,,,"2,5-3,00",0.28,1.4,8.6,6.36,83.36,,LUZ ANGELA TOCORA ,,,,2025-01-20
150.0,2025-01-20 00:00:00,15:50:00,PELLET,ZARANDA 1,200543.0,ENGORDE,66.0,10.0,4.0,500.0,430.0,86.0,3.1,14.0,,,,,,,,LUZ ANGELA TOCORA ,,,,2025-01-20
151.0,2025-01-20 00:00:00,16:30:00,MOLIENDA,TOLVA,200542.0,LEVANTE,67.0,35.0,5.0,,,,,,"2,5-3,00",0.36,1.72,10.6,7.96,79.36000000000001,,LUZ ANGELA TOCORA ,,,,2025-01-20
152.0,2025-01-20 00:00:00,17:00:00,PELLET,ZARANDA 1,200543.0,ENGORDE,66.0,10.0,8.0,500.0,425.5,85.1,2.61,14.900000000000006,,,,,,,,LUZ ANGELA TOCORA ,,,,2025-01-20
153.0,2025-01-20 00:00:00,18:30:00,MOLIENDA,TOLVA,200542.0,LEVANTE,67.0,35.0,15.0,,,,,,"2,5-3,00",0.32,1.52,9.88,7.64,80.64000000000001,,LUZ ANGELA TOCORA ,,,,2025-01-20
155.0,2025-01-20 00:00:00,18:30:00,PELLET,ZARANDA 1,200542.0,LEVANTE,67.0,35.0,4.0,500.0,443.5,88.7,3.35,11.299999999999997,,,,,,,,LUZ ANGELA TOCORA ,,,,2025-01-20
156.0,2025-01-20 00:00:00,19:30:00,MOLIENDA,TOLVA,200542.0,LEVANTE,67.0,35.0,20.0,,,,,,"2,5-3,00",0.12,1.16,7.36,6.04,85.32,,LUZ ANGELA TOCORA ,,,,2025-01-20
157.0,2025-01-20 00:00:00,19:30:00,PELLET,ZARANDA 1,200542.0,LEVANTE,67.0,35.0,8.0,500.0,434.5,86.9,3.19,13.099999999999994,,0.0,0.0,0.0,0.0,100.0,,LUZ ANGELA TOCORA ,,,,2025-01-20
158.0,2025-01-20 00:00:00,20:30:00,PELLET,ZARANDA 1,200542.0,LEVANTE,67.0,35.0,12.0,500.0,438.5,87.7,3.15,12.299999999999997,,,,,,,,LUZ ANGELA TOCORA ,,,,2025-01-20
159.0,2025-01-20 00:00:00,21:30:00,PELLET,ZARANDA 1,200542.0,LEVANTE,67.0,35.0,16.0,500.0,455.0,91.0,3.18,9.0,,,,,,,,LUZ ANGELA TOCORA ,,,,2025-01-20
160.0,2025-01-20 00:00:00,22:30:00,PELLET,ZARANDA 1,200542.0,LEVANTE,67.0,35.0,20.0,500.0,414.0,82.8,3.08,17.200000000000003,,,,,,,,LUZ ANGELA TOCORA ,,,,2025-01-20
161.0,2025-01-20 00:00:00,23:30:00,PELLET,ZARANDA 1,200542.0,LEVANTE,67.0,35.0,24.0,500.0,379.0,75.8,3.01,24.200000000000003,,,,,,,,LUZ ANGELA TOCORA ,,,,2025-01-20
162.0,2024-01-21 00:00:00,16:20:00,MOLIENDA,TOLVA,200541.0,LEVANTE,68.0,35.0,13.0,,,,,,"2,5-3,0",0.32,1.04,6.58,6.04,86.02,,VANESSA LOSADA,,,,2024-01-21
163.0,2024-01-21 00:00:00,18:00:00,MOLIENDA,TOLVA,200541.0,LEVANTE,68.0,35.0,14.0,,,,,,"2,5-3,0",0.12,1.24,7.56,6.28,84.8,,VANESSA LOSADA,,,,2024-01-21
164.0,2024-01-21 00:00:00,20:50:00,MOLIENDA,TOLVA,200541.0,LEVANTE,68.0,35.0,30.0,,,,,,"2,5-3,0",0.6,1.16,8.8,6.6,82.84000000000002,,LUZ ANGELA TOCORA ,,,,2024-01-21
165.0,2024-01-21 00:00:00,14:30:00,MOLIENDA,TOLVA,200544.0,FINALIZADOR,69.0,5.0,4.0,,,,,,"2,5-3,0",0.16,1.28,8.36,6.42,83.78,,LUZ ANGELA TOCORA ,,,,2024-01-21
166.0,2024-01-21 00:00:00,14:20:00,MOLIENDA,TOLVA,200542.0,LEVANTE,67.0,35.0,35.0,,,,,,"2,5-3,0",0.08,0.72,4.68,4.08,90.44000000000001,,LUZ ANGELA TOCORA ,,,,2024-01-21
167.0,2024-01-21 00:00:00,20:00:00,MOLIENDA,TOLVA,200541.0,LEVANTE,68.0,35.0,24.0,,,,,,"2,5-3,0",0.3,0.6,5.35,4.76,88.99000000000001,,LUZ ANGELA TOCORA ,,,,2024-01-21
168.0,2024-01-21 00:00:00,19:00:00,MOLIENDA,TOLVA,200541.0,LEVANTE,68.0,35.0,18.0,,,,,,"2,5-3,0",0.08,0.76,5.4,5.04,88.71999999999998,,LUZ ANGELA TOCORA ,,,,2024-01-21
169.0,2024-01-21 00:00:00,13:10:00,MOLIENDA,TOLVA,200541.0,LEVANTE,68.0,35.0,35.0,,,,,,"2,5-3,0",0.16,1.32,9.12,7.28,82.12,,LUZ ANGELA TOCORA ,,,,2024-01-21
170.0,2024-01-21 00:00:00,15:00:00,MOLIENDA,TOLVA,200541.0,LEVANTE,68.0,35.0,9.0,,,,,,"2,5-3,0",0.36,1.52,9.12,6.28,82.72,,LUZ ANGELA TOCORA ,,,,2024-01-21
171.0,2024-01-21 00:00:00,13:30:00,PELLET,ZARANDA 1,200542.0,LEVANTE,67.0,35.0,31.0,500.0,456.0,91.2,3.0,8.799999999999997,,,,,,,,VANESSA LOSADA,,,,2024-01-21
172.0,2024-01-21 00:00:00,15:00:00,PELLET,ZARANDA 1,200544.0,FINALIZADOR,69.0,5.0,4.0,500.0,444.0,88.8,3.2,11.200000000000003,,,,,,,,VANESSA LOSADA,,,,2024-01-21
173.0,2024-01-21 00:00:00,15:40:00,PELLET,ZARANDA 1,200541.0,LEVANTE,68.0,35.0,4.0,500.0,457.0,91.4,3.0,8.599999999999994,,,,,,,,VANESSA LOSADA,,,,2024-01-21
174.0,2024-01-21 00:00:00,16:35:00,PELLET,ZARANDA 1,200541.0,LEVANTE,68.0,35.0,8.0,500.0,456.0,91.2,3.1,8.799999999999997,,,,,,,,VANESSA LOSADA,,,,2024-01-21
175.0,2024-01-21 00:00:00,19:15:00,PELLET,ZARANDA 1,200541.0,LEVANTE,68.0,35.0,17.0,500.0,464.5,92.9,3.1,7.099999999999994,,,,,,,,VANESSA LOSADA,,,,2024-01-21
176.0,2024-01-21 00:00:00,20:15:00,PELLET,ZARANDA 1,200541.0,LEVANTE,68.0,35.0,21.0,500.0,458.0,91.6,3.2,8.400000000000006,,,,,,,,VANESSA LOSADA,,,,2024-01-21
177.0,2024-01-21 00:00:00,21:20:00,PELLET,ZARANDA 1,200541.0,LEVANTE,68.0,35.0,25.0,500.0,452.0,90.4,3.2,9.599999999999994,,,,,,,,VANESSA LOSADA,,,,2024-01-21
178.0,2024-01-21 00:00:00,22:30:00,PELLET,ZARANDA 1,200541.0,LEVANTE,68.0,35.0,29.0,500.0,439.5,87.9,3.3,12.099999999999994,,,,,,,,VANESSA LOSADA,,,,2024-01-21
179.0,2024-01-22 00:00:00,13:10:00,PELLET,ZARANDA 1,200541.0,LEVANTE,68.0,35.0,33.0,500.0,438.5,87.7,3.0,12.299999999999997,,,,,,,,VANESSA LOSADA,,,,2024-01-22
180.0,2024-01-22 00:00:00,15:00:00,MOLIENDA,TOLVA,200544.0,FINALIZADOR,70.0,15.0,6.0,,,,,,"2,5-3,0",0.24,0.56,7.04,4.52,87.64,,VANESSA LOSADA,,,,2024-01-22
181.0,2024-01-22 00:00:00,16:00:00,PELLET,ZARANDA 1,200544.0,FINALIZADOR,70.0,15.0,4.0,500.0,438.0,87.6,3.0,12.400000000000006,,,,,,,,VANESSA LOSADA,,,,2024-01-22
182.0,2024-01-22 00:00:00,16:20:00,MOLIENDA,TOLVA,200544.0,FINALIZADOR,70.0,15.0,5.0,,,,,,"2,5-3,0",0.32,0.88,6.68,4.92,87.2,,VANESSA LOSADA,,,,2024-01-22
183.0,2024-01-22 00:00:00,17:00:00,PELLET,ZARANDA 1,200544.0,FINALIZADOR,70.0,15.0,8.0,500.0,455.0,91.0,3.0,9.0,,,,,,,,VANESSA LOSADA,,,,2024-01-22
184.0,2024-01-22 00:00:00,17:00:00,MOLIENDA,TOLVA,200543.0,ENGORDE,71.0,10.0,5.0,,,,,,,0.36,0.98,6.24,5.32,87.1,,VANESSA LOSADA,,,,2024-01-22
185.0,2024-01-22 00:00:00,18:00:00,MOLIENDA,TOLVA,200543.0,ENGORDE,70.0,10.0,10.0,,,,,,"2,5-3,0",0.24,0.48,5.96,5.32,88.0,,VANESSA LOSADA,,,,2024-01-22
186.0,2024-01-22 00:00:00,18:40:00,PELLET,ZARANDA 1,200544.0,FINALIZADOR,70.0,15.0,13.0,500.0,434.0,86.8,2.9,13.200000000000003,,,,,,,,VANESSA LOSADA,,,,2024-01-22
187.0,2024-01-22 00:00:00,20:30:00,PELLET,ZARANDA 1,200543.0,ENGORDE,71.0,10.0,4.0,500.0,428.0,85.6,2.9,14.400000000000006,,,,,,,,VANESSA LOSADA,,,,2024-01-22
188.0,2024-01-22 00:00:00,21:30:00,PELLET,ZARANDA 1,200543.0,ENGORDE,71.0,10.0,8.0,500.0,455.5,91.1,2.9,8.900000000000006,,,,,,,,VANESSA LOSADA,,,,2024-01-22
189.0,2024-01-22 00:00:00,22:00:00,MOLIENDA,TOLVA,200542.0,LEVANTE,72.0,25.0,5.0,,,,,,"2,5-3,0",0.12,0.72,5.96,5.52,87.68,,VANESSA LOSADA,,,,2024-01-22
190.0,2024-01-22 00:00:00,23:00:00,MOLIENDA,TOLVA,200542.0,LEVANTE,72.0,25.0,10.0,,,,,,"2,5-3,0",0.08,0.92,7.84,7.64,83.52,,VANESSA LOSADA,,,,2024-01-22
191.0,2024-01-22 00:00:00,23:20:00,PELLET,ZARANDA 1,200542.0,LEVANTE,72.0,25.0,4.0,500.0,463.0,92.6,3.1,7.400000000000006,,,,,,,,VANESSA LOSADA,,,,2024-01-22
192.0,2025-01-23 00:00:00,09:35:00,PELLET,ZARANDA 1,200542.0,LEVANTE,72.0,25.0,15.0,500.0,458.0,91.6,3.0,8.400000000000006,,,,,,,,VANESSA LOSADA,,,,2025-01-23
193.0,2025-01-23 00:00:00,10:00:00,MOLIENDA,TOLVA,200542.0,LEVANTE,72.0,25.0,23.0,,,,,,"2,5-3,0",0.32,0.96,5.48,5.28,87.96000000000001,,VANESSA LOSADA,,,,2025-01-23
194.0,2025-01-23 00:00:00,10:42:00,PELLET,ZARANDA 1,200542.0,LEVANTE,72.0,25.0,19.0,500.0,462.0,92.4,3.0,7.599999999999994,,,,,,,,VANESSA LOSADA,,,,2025-01-23
195.0,2025-01-23 00:00:00,12:04:00,PELLET,ZARANDA 1,200542.0,LEVANTE,72.0,25.0,22.0,500.0,452.5,90.5,3.1,9.5,,,,,,,,VANESSA LOSADA,,,,2025-01-23
196.0,2025-01-23 00:00:00,00:20:00,PELLET,ZARANDA 1,200542.0,LEVANTE,72.0,25.0,8.0,500.0,452.0,90.4,3.1,9.599999999999994,,,,,,,,VANESSA LOSADA,,,,2025-01-23
197.0,2025-01-23 00:00:00,12:20:00,MOLIENDA,TOLVA,200541.0,LEVANTE,73.0,40.0,5.0,,,,,,"2,5-3,0",0.12,0.84,8.12,5.04,85.87999999999998,,VANESSA LOSADA,,,,2025-01-23
198.0,2025-01-23 00:00:00,16:00:00,MOLIENDA,TOLVA,200542.0,LEVANTE,72.0,25.0,15.0,,,,,,"2,5-3,0",0.12,0.32,7.24,6.58,85.74000000000001,,VANESSA LOSADA,,,,2025-01-23
199.0,2025-01-23 00:00:00,20:00:00,PELLET,ZARANDA 1,200541.0,LEVANTE,73.0,40.0,2.0,500.0,419.0,83.8,3.07,16.200000000000003,,,,,,,,BRAYAN HERRERA,,,,2025-01-23
200.0,2025-01-23 00:00:00,21:00:00,PELLET,ZARANDA 1,200541.0,LEVANTE,73.0,40.0,6.0,500.0,427.0,85.4,3.0,14.599999999999994,,,,,,,,BRAYAN HERRERA,,,,2025-01-23
201.0,2025-01-23 00:00:00,22:00:00,PELLET,ZARANDA 1,200541.0,LEVANTE,73.0,40.0,10.0,500.0,410.0,82.0,3.0,18.0,,,,,,,,BRAYAN HERRERA,,,,2025-01-23
202.0,2025-01-24 00:00:00,14:20:00,MOLIENDA,TOLVA,200541.0,LEVANTE,73.0,40.0,18.0,,,,,,"2,5-3,0",0.16,0.76,7.04,6.32,85.72,,BRAYAN HERRERA,,,,2025-01-24
204.0,2025-01-24 00:00:00,10:20:00,PELLET,ZARANDA 1,200541.0,LEVANTE,73.0,40.0,17.0,500.0,460.0,92.0,3.05,8.0,,,,,,,,LUZ ANGELA TOCORA ,,,,2025-01-24
205.0,2025-01-24 00:00:00,14:15:00,MOLIENDA,TOLVA,200541.0,LEVANTE,73.0,40.0,27.0,,,,,,"2,5-3,0",0.12,0.52,4.44,4.76,90.16,,LUZ ANGELA TOCORA ,,,,2025-01-24
206.0,2025-01-24 00:00:00,14:30:00,PELLET,ZARANDA 1,200541.0,LEVANTE,73.0,40.0,22.0,500.0,458.0,91.6,3.1,8.400000000000006,,,,,,,,LUZ ANGELA TOCORA ,,,,2025-01-24
207.0,2025-01-24 00:00:00,16:00:00,PELLET,ZARANDA 1,200541.0,LEVANTE,73.0,40.0,30.0,500.0,457.0,91.4,2.96,8.599999999999994,,,,,,,,LUZ ANGELA TOCORA ,,,,2025-01-24
208.0,2025-01-24 00:00:00,18:00:00,MOLIENDA,TOLVA,200544.0,FINALIZADOR,73.0,15.0,8.0,,,,,,"2,5-3,0",0.12,0.44,3.24,3.56,92.64,,LUZ ANGELA TOCORA ,,,,2025-01-24
209.0,2025-01-24 00:00:00,18:00:00,PELLET,ZARANDA 1,200541.0,LEVANTE,73.0,40.0,38.0,500.0,469.0,93.8,3.07,6.200000000000003,,,,,,,,LUZ ANGELA TOCORA ,,,,2025-01-24
210.0,2025-01-24 00:00:00,20:00:00,MOLIENDA,TOLVA,200544.0,FINALIZADOR,74.0,5.0,3.0,,,,,,"2,5-3,0",0.16,0.92,6.96,6.16,85.80000000000001,,LUZ ANGELA TOCORA ,,,,2025-01-24
211.0,2025-01-24 00:00:00,20:30:00,PELLET,ZARANDA 1,200544.0,FINALIZADOR,74.0,15.0,4.0,500.0,463.0,92.6,3.15,7.400000000000006,,,,,,,,LUZ ANGELA TOCORA ,,,,2025-01-24
212.0,2025-01-24 00:00:00,22:00:00,PELLET,ZARANDA 1,200544.0,FINALIZADOR,74.0,15.0,12.0,500.0,437.0,87.4,2.97,12.599999999999994,,,,,,,,LUZ ANGELA TOCORA ,,,,2025-01-24
203.0,2025-01-25 00:00:00,10:00:00,PELLET,ZARANDA 1,200544.0,FINALIZADOR,75.0,5.0,5.0,500.0,426.0,85.2,2.64,14.799999999999997,,,,,,,,LUZ ANGELA TOCORA ,,,,2025-01-25
214.0,2025-01-25 00:00:00,06:22:00,PELLET,ZARANDA 1,200541.0,LEVANTE,76.0,56.0,17.0,500.0,457.5,91.5,3.18,8.5,,,,,,,,LUZ ANGELA TOCORA ,,,,2025-01-25
,2025-01-25 00:00:00,14:05:00,PELLET,ZARANDA 1,200541.0,LEVANTE,76.0,56.0,5.0,500.0,464.5,92.9,3.25,7.099999999999994,,,,,,,,LUZ ANGELA TOCORA ,,,,2025-01-25
,2025-01-25 00:00:00,16:00:00,PELLET,ZARANDA 1,200541.0,LEVANTE,76.0,56.0,11.0,500.0,460.5,92.1,3.2,7.900000000000006,,,,,,,,LUZ ANGELA TOCORA ,,,,2025-01-25
215.0,2025-01-27 00:00:00,09:00:00,MOLIENDA,TOLVA,200541.0,LEVANTE,76.0,56.0,27.0,,,,,,"2,5-3,0",0.24,0.76,5.92,5.24,87.84,,LUZ ANGELA TOCORA ,,,,2025-01-27
216.0,2025-01-27 00:00:00,11:00:00,MOLIENDA,TOLVA,200541.0,LEVANTE,76.0,56.0,35.0,,,,,,"2,5-3,0",0.12,0.52,3.96,3.68,91.72,,LUZ ANGELA TOCORA ,,,,2025-01-27
217.0,2025-01-27 00:00:00,12:00:00,PELLET,ZARANDA 1,200541.0,LEVANTE,76.0,56.0,21.0,500.0,460.0,92.0,3.1,8.0,,,,,,,,LUZ ANGELA TOCORA ,,,,2025-01-27
218.0,2025-01-27 00:00:00,13:00:00,MOLIENDA,TOLVA,200541.0,LEVANTE,18.0,56.0,15.0,,,,,,"2,5-3,0",0.12,0.52,4.32,4.52,90.52,,LUZ ANGELA TOCORA ,,,,2025-01-27
219.0,2025-01-27 00:00:00,14:15:00,PELLET,ZARANDA 1,200541.0,LEVANTE,76.0,56.0,30.0,500.0,440.0,88.0,3.02,12.0,,,,,,,,LUZ ANGELA TOCORA ,,,,2025-01-27
220.0,2025-01-27 00:00:00,16:00:00,PELLET,ZARANDA 1,200541.0,LEVANTE,76.0,56.0,35.0,500.0,436.0,87.2,3.5,12.799999999999997,,,,,,,,LUZ ANGELA TOCORA ,,,,2025-01-27
221.0,2025-01-27 00:00:00,17:00:00,MOLIENDA,TOLVA,200541.0,LEVANTE,76.0,56.0,45.0,,,,,,2.5,0.04,0.44,4.64,4.88,90.0,,NATALIA RODRIGUEZ,,,,2025-01-27
222.0,2025-01-27 00:00:00,17:57:00,PELLET,ZARANDA 1,200541.0,LEVANTE,76.0,56.0,42.0,500.0,469.0,93.8,3.05,6.200000000000003,,,,,,,,LUZ ANGELA TOCORA ,,,,2025-01-27
223.0,2025-01-27 00:00:00,20:00:00,PELLET,ZARANDA 1,200541.0,LEVANTE,76.0,56.0,51.0,500.0,465.0,93.0,3.0,7.0,,,,,,,,LUZ ANGELA TOCORA ,,,,2025-01-27
224.0,2025-01-27 00:00:00,21:00:00,MOLIENDA,TOLVA,200541.0,LEVANTE,76.0,56.0,50.0,,,,,,"2,5-3",0.12,0.84,5.68,5.16,88.19999999999999,,NATALIA RODRIGUEZ,,,,2025-01-27
225.0,2025-01-28 00:00:00,08:40:00,MOLIENDA,TOLVA,200543.0,ENGORDE,77.0,26.0,8.0,,,,,,"2,5-3",0.36,1.04,6.92,6.48,85.19999999999999,,NATALIA RODRIGUEZ,,,,2025-01-28
226.0,2025-01-28 00:00:00,10:00:00,PELLET,ZARANDA 1,200543.0,ENGORDE,77.0,26.0,3.0,500.0,449.5,89.9,2.24,10.099999999999994,,,,,,,,LUZ ANGELA TOCORA ,,,,2025-01-28
227.0,2025-01-28 00:00:00,10:00:00,MOLIENDA,TOLVA,200543.0,ENGORDE,77.0,26.0,18.0,,,,,,"2,5-3",0.12,0.84,5.68,5.16,88.19999999999999,,NATALIA RODRIGUEZ,,,,2025-01-28
228.0,2025-01-28 00:00:00,06:30:00,PELLET,ZARANDA 1,200542.0,LEVANTE,78.0,12.0,6.0,500.0,450.0,90.0,3.09,10.0,,,,,,,,LUZ ANGELA TOCORA ,,,,2025-01-28
229.0,2025-01-28 00:00:00,12:30:00,MOLIENDA,TOLVA,200543.0,ENGORDE,77.0,26.0,26.0,,,,,,"2,5-3",0.28,1.04,6.6,3.62,88.46,,LUZ ANGELA TOCORA ,,,,2025-01-28
230.0,2025-01-28 00:00:00,14:55:00,PELLET,ZARANDA 1,200543.0,ENGORDE,77.0,26.0,22.0,500.0,450.0,90.0,3.01,10.0,,,,,,,,LUZ ANGELA TOCORA ,,,,2025-01-28
,2025-01-28 00:00:00,17:00:00,MOLIENDA,TOLVA,200542.0,LEVANTE,78.0,12.0,6.0,,,,,,"2,5-3",0.12,0.52,4.88,5.24,89.24000000000001,,LUZ ANGELA TOCORA ,,,,2025-01-28
231.0,2025-01-28 00:00:00,19:00:00,MOLIENDA,TOLVA,200542.0,LEVANTE,79.0,9.0,4.0,,,,,,"2,5-3",0.04,0.36,3.52,3.68,92.39999999999999,,LUZ ANGELA TOCORA ,,,,2025-01-28
232.0,2025-01-28 00:00:00,20:00:00,MOLIENDA,TOLVA,200542.0,LEVANTE,79.0,9.0,9.0,,,,,,"2,5-3",0.12,0.48,3.52,5.24,90.64,,LUZ ANGELA TOCORA ,,,,2025-01-28
233.0,2025-01-28 00:00:00,20:30:00,PELLET,ZARANDA 1,200542.0,LEVANTE,79.0,9.0,4.0,500.0,448.0,89.6,3.11,10.400000000000006,,,,,,,,LUZ ANGELA TOCORA ,,,,2025-01-28
234.0,2025-01-28 00:00:00,22:00:00,MOLIENDA,TOLVA,200541.0,LEVANTE,80.0,36.0,4.0,,,,,,"2,5-3",0.16,0.76,7.88,6.84,84.36,,LUZ ANGELA TOCORA ,,,,2025-01-28
235.0,2025-01-29 00:00:00,1902-07-18 00:00:00,MOLIENDA,TOLVA,200541.0,LEVANTE,80.0,36.0,8.0,,,,,,"2,5-3",0.12,0.72,5.84,4.96,88.36,,LUZ ANGELA TOCORA ,,,,2025-01-29
236.0,2025-01-29 00:00:00,10:40:00,PELLET,ZARANDA 1,200541.0,LEVANTE,80.0,36.0,9.0,500.0,461.0,92.2,3.17,7.799999999999997,,,,,,,,LUZ ANGELA TOCORA ,,,,2025-01-29
237.0,2025-01-29 00:00:00,11:05:00,PELLET,ZARANDA 1,200541.0,LEVANTE,80.0,36.0,11.0,500.0,449.0,89.8,2.32,10.200000000000003,,,,,,,,LUZ ANGELA TOCORA ,,,,2025-01-29
,2025-01-29 00:00:00,13:00:00,PELLET,ZARANDA 1,200541.0,LEVANTE,80.0,36.0,19.0,500.0,433.0,86.6,2.75,13.400000000000006,,,,,,,,LUZ ANGELA TOCORA ,,,,2025-01-29
238.0,2025-01-29 00:00:00,15:00:00,PELLET,ZARANDA 1,200541.0,LEVANTE,80.0,36.0,27.0,500.0,450.0,90.0,2.62,10.0,,,,,,,,LUZ ANGELA TOCORA ,,,,2025-01-29
239.0,2025-01-29 00:00:00,15:30:00,MOLIENDA,TOLVA,200541.0,LEVANTE,30.0,36.0,35.0,,,,,,"2,5-3",0.12,0.64,6.08,5.84,87.32,,LUZ ANGELA TOCORA ,,,,2025-01-29
240.0,2025-01-29 00:00:00,17:20:00,PELLET,ZARANDA 1,200541.0,LEVANTE,80.0,36.0,35.0,500.0,444.0,88.8,1.65,11.200000000000003,,,,,,,,LUZ ANGELA TOCORA ,,,,2025-01-29
241.0,2025-01-29 00:00:00,18:30:00,MOLIENDA,TOLVA,200544.0,FINALIZADOR,81.0,21.0,5.0,,,,,,"2,5-3",0.08,0.32,2.8,3.24,93.56000000000002,,LUZ ANGELA TOCORA ,,,,2025-01-29
242.0,2025-01-29 00:00:00,20:30:00,PELLET,ZARANDA 1,200544.0,FINALIZADOR,81.0,21.0,4.0,500.0,446.0,89.2,2.3,10.799999999999997,,,,,,,,LUZ ANGELA TOCORA ,,,,2025-01-29
243.0,2025-01-29 00:00:00,21:00:00,MOLIENDA,TOLVA,200544.0,FINALIZADOR,81.0,21.0,12.0,,,,,,"2,5-3",0.12,0.44,3.64,3.56,92.24,,LUZ ANGELA TOCORA ,,,,2025-01-29
244.0,2025-01-29 00:00:00,22:02:00,PELLET,ZARANDA 1,200544.0,FINALIZADOR,81.0,21.0,10.0,500.0,461.0,92.2,2.41,7.799999999999997,,,,,,,,LUZ ANGELA TOCORA ,,,,2025-01-29
245.0,2025-01-29 00:00:00,23:30:00,MOLIENDA,TOLVA,200541.0,LEVANTE,80.0,36.0,16.0,,,,,,"2,5-3",0.06,0.64,5.52,5.44,88.34,,LUZ ANGELA TOCORA ,,,,2025-01-29
246.0,2025-01-29 00:00:00,23:30:00,MOLIENDA,TOLVA,200541.0,LEVANTE,80.0,36.0,24.0,,,,,,"2,5-3",0.16,0.6,5.4,5.08,88.76,,LUZ ANGELA TOCORA ,,,,2025-01-29
247.0,2025-01-29 00:00:00,23:30:00,MOLIENDA,TOLVA,200544.0,FINALIZADOR,81.0,21.0,21.0,,,,,,"2,5-3",0.2,1.28,8.8,7.12,82.6,,LUZ ANGELA TOCORA ,,,,2025-01-29
248.0,2025-01-30 00:00:00,10:00:00,PELLET,ZARANDA 1,200544.0,FINALIZADOR,81.0,21.0,19.0,500.0,396.0,79.2,2.14,20.799999999999997,,,,,,,,LUZ ANGELA TOCORA ,,,,2025-01-30
249.0,2025-01-30 00:00:00,14:00:00,MOLIENDA,TOLVA,200541.0,LEVANTE,82.0,21.0,8.0,,,,,,"2,5-3",0.2,0.84,6.64,5.96,86.36,,LUZ ANGELA TOCORA ,,,,2025-01-30
250.0,2025-01-30 00:00:00,14:00:00,PELLET,ZARANDA 1,200544.0,FINALIZADOR,82.0,21.0,4.0,500.0,464.0,92.8,2.17,7.200000000000003,,,,,,,,BRAYAN HERRERA,,,,2025-01-30
251.0,2025-01-30 00:00:00,16:20:00,PELLET,ZARANDA 1,200544.0,FINALIZADOR,82.0,21.0,14.0,500.0,450.0,90.0,2.12,10.0,,,,,,,,BRAYAN HERRERA,,,,2025-01-30
252.0,2025-01-30 00:00:00,16:30:00,MOLIENDA,TOLVA,200541.0,LEVANTE,82.0,21.0,16.0,,,,,,"2,5-3,0",0.28,0.8,6.32,5.68,86.91999999999999,,BRAYAN HERRERA,,,,2025-01-30
253.0,2025-01-30 00:00:00,19:15:00,PELLET,ZARANDA 1,200541.0,LEVANTE,82.0,21.0,19.0,500.0,451.0,90.2,2.31,9.799999999999997,,,,,,,,BRAYAN HERRERA,,,,2025-01-30
254.0,2025-01-30 00:00:00,19:30:00,MOLIENDA,TOLVA,200543.0,ENGORDE,83.0,21.0,4.0,,,,,,"2,5-3,0",0.08,0.4,4.08,4.12,91.32,,BRAYAN HERRERA,,,,2025-01-30
255.0,2025-01-30 00:00:00,21:40:00,PELLET,ZARANDA 1,200543.0,ENGORDE,83.0,21.0,4.0,500.0,445.0,89.0,2.83,11.0,,,,,,,,BRAYAN HERRERA,,,,2025-01-30
256.0,2025-01-30 00:00:00,22:00:00,MOLIENDA,TOLVA,200543.0,ENGORDE,83.0,21.0,12.0,,,,,,"2,5-3,0",0.2,0.44,3.8,4.4,91.16,,BRAYAN HERRERA,,,,2025-01-30
257.0,2025-01-30 00:00:00,23:30:00,PELLET,ZARANDA 1,200543.0,ENGORDE,83.0,21.0,10.0,500.0,449.0,89.8,2.7,10.200000000000003,,,,,,,,BRAYAN HERRERA,,,,2025-01-30
258.0,2025-01-30 00:00:00,07:52:00,PELLET,ZARANDA 1,200542.0,LEVANTE,84.0,11.0,5.0,500.0,453.0,90.6,2.68,9.400000000000006,,,,,,,,BRAYAN HERRERA,,,,2025-01-30
259.0,2025-01-31 00:00:00,10:15:00,PELLET,ZARANDA 1,200541.0,LEVANTE,85.0,34.0,5.0,500.0,446.0,89.2,2.7,10.799999999999997,,,,,,,,BRAYAN HERRERA,,,,2025-01-31
260.0,2025-01-31 00:00:00,11:25:00,PELLET,ZARANDA 1,200541.0,LEVANTE,85.0,34.0,11.0,500.0,455.0,91.0,2.63,9.0,,,,,,,,BRAYAN HERRERA,,,,2025-01-31
261.0,2025-01-31 00:00:00,16:00:00,MOLIENDA,TOLVA,200543.0,ENGORDE,83.0,21.0,18.0,,,,,,"2,5-3,0",0.16,0.76,6.92,6.28,85.88,,BRAYAN HERRERA,,,,2025-01-31
262.0,2025-01-31 00:00:00,17:00:00,PELLET,ZARANDA 1,200543.0,ENGORDE,83.0,21.0,17.0,500.0,454.0,90.8,2.67,9.200000000000003,,,,,,,,BRAYAN HERRERA,,,,2025-01-31
263.0,2025-01-31 00:00:00,18:30:00,MOLIENDA,TOLVA,200542.0,LEVANTE,84.0,11.0,4.0,,,,,,"2,5-3,0",0.16,0.56,4.72,5.0,89.56,,BRAYAN HERRERA,,,,2025-01-31
264.0,2025-01-31 00:00:00,22:00:00,MOLIENDA,TOLVA,200541.0,LEVANTE,85.0,34.0,10.0,,,,,,"2,5-3,0",0.08,0.36,3.88,4.4,91.28,,BRAYAN HERRERA,,,,2025-01-31
265.0,2025-01-31 00:00:00,20:00:00,MOLIENDA,TOLVA,200542.0,LEVANTE,84.0,11.0,10.0,,,,,,"2,5-3,0",0.2,0.72,3.4,4.72,90.96,,BRAYAN HERRERA,,,,2025-01-31
266.0,2025-01-31 00:00:00,21:00:00,MOLIENDA,TOLVA,200541.0,LEVANTE,85.0,34.0,5.0,,,,,,"2,5-3,0",0.12,0.68,7.32,7.16,84.72,,BRAYAN HERRERA,,,,2025-01-31
817.0,2024-10-27 00:00:00,18:20:00,PELLET,ZARANDA 1,200544.0,,,,,,,,,,,,,,,,,,,,,2024-10-27
818.0,2024-10-27 00:00:00,18:20:00,PELLET,ZARANDA 2,200544.0,,,,,,,,,,,,,,,,,,,,,2024-10-27
1.0,2024-11-15 00:00:00,2024-11-15 00:00:00,MOLIENDA,TOLVA,200541.0,LEVANTE,1.0,1.0,1.0,,,,,,2.0,0.08,0.16,2.56,4.36,92.84,SEBASTIAN BERNAL ,BRAYAN HERRERA,,,,2024-11-15
2.0,2024-11-15 00:00:00,13:15:00,PELLET,ZARANDA 1,200541.0,LEVANTE,1.0,1.0,1.0,500.0,433.0,86.6,3.1,13.400000000000006,,,,,,,SEBASTIAN BERNAL ,VANESSA LOZADA ,,,,2024-11-15
3.0,2024-11-15 00:00:00,13:15:00,PELLET,ZARANDA 1,200541.0,LEVANTE,1.0,1.0,1.0,500.0,450.0,90.0,3.9,10.0,,,,,,,SEBASTIAN BERNAL ,VANESSA LOZADA ,,,,2024-11-15
4.0,2024-11-20 00:00:00,02:00:00,PELLET,ZARANDA 1,200541.0,LEVANTE,1.0,1.0,1.0,500.0,464.5,92.9,4.5,7.099999999999994,,,,,,,SEBASTIAN BERNAL ,LUZ ANGELA TOCORA ,,,,2024-11-20
5.0,2024-11-20 00:00:00,02:00:00,PELLET,ZARANDA 1,200541.0,LEVANTE,1.0,1.0,1.0,500.0,440.5,88.1,2.9,11.900000000000006,,,,,,,SEBASTIAN BERNAL ,LUZ ANGELA TOCORA ,,,,2024-11-20
6.0,2024-11-20 00:00:00,02:00:00,PELLET,ZARANDA 1,200541.0,LEVANTE,1.0,1.0,1.0,500.0,453.5,90.7,5.4,9.299999999999997,,,,,,,SEBASTIAN BERNAL ,LUZ ANGELA TOCORA ,,,,2024-11-20
7.0,2024-11-20 00:00:00,03:00:00,MOLIENDA,TOLVA,200541.0,LEVANTE,1.0,1.0,1.0,,,,,,2.0,0.16,0.36,8.84,4.8,85.84,SEBASTIAN BERNAL ,LUZ ANGELA TOCORA ,,,,2024-11-20
8.0,2024-11-20 00:00:00,03:00:00,MOLIENDA,TOLVA,200541.0,LEVANTE,1.0,1.0,1.0,,,,,,2.0,0.2,0.4,3.6,5.36,90.44,SEBASTIAN BERNAL ,LUZ ANGELA TOCORA ,,,,2024-11-20
9.0,2024-11-20 00:00:00,14:00:00,PELLET,ZARANDA 1,200541.0,LEVANTE,1.0,1.0,1.0,500.0,382.5,76.5,2.25,23.5,,,,,,,SEBASTIAN BERNAL ,LUZ ANGELA TOCORA ,,,,2024-11-20
10.0,2024-11-20 00:00:00,14:00:00,PELLET,ZARANDA 1,200541.0,LEVANTE,1.0,1.0,1.0,500.0,410.5,82.1,2.74,17.900000000000006,,,,,,,SEBASTIAN BERNAL ,LUZ ANGELA TOCORA ,,,,2024-11-20
11.0,2024-11-20 00:00:00,14:00:00,PELLET,ZARANDA 1,200541.0,LEVANTE,1.0,1.0,1.0,500.0,479.5,95.9,4.57,4.099999999999994,,,,,,,SEBASTIAN BERNAL ,LUZ ANGELA TOCORA ,,,,2024-11-20
12.0,2024-11-20 00:00:00,09:45:00,MOLIENDA,TOLVA,200541.0,LEVANTE,1.0,1.0,1.0,,,,,,,0.16,0.32,4.4,5.96,89.16000000000001,SEBASTIAN BERNAL ,BRAYAN HERRERA,,,,2024-11-20
13.0,2024-11-20 00:00:00,14:30:00,MOLIENDA,TOLVA,200541.0,LEVANTE,1.0,1.0,1.0,500.0,387.0,77.4,3.1,22.599999999999994,,,,,,,SEBASTIAN BERNAL ,BRAYAN HERRERA,,,,2024-11-20
14.0,2024-11-21 00:00:00,00:00:00,MOLIENDA,TOLVA,2513.0,FINALIZADOR,1.0,4.0,4.0,,,,,,2.0,0.52,0.44,3.64,5.08,90.32000000000001,SEBASTIAN BERNAL ,VANESSA LOZADA ,,,,2024-11-21
15.0,2024-11-21 00:00:00,23:00:00,MOLIENDA,TOLVA,2513.0,FINALIZADOR,1.0,4.0,2.0,,,,,,2.0,0.48,0.44,3.76,5.24,90.08,SEBASTIAN BERNAL ,VANESSA LOZADA ,,,,2024-11-21
16.0,2024-11-21 00:00:00,22:00:00,PELLET,POS-ENGRASE,2513.0,FINALIZADOR,1.0,1.0,1.0,500.0,415.0,83.0,2.08,17.0,,,,,,,SEBASTIAN BERNAL ,VANESSA LOZADA ,,,,2024-11-21
17.0,2024-11-21 00:00:00,21:30:00,PELLET,POS-ENGRASE,2506.0,LEVANTE,1.0,1.0,1.0,500.0,370.0,74.0,1.8,26.0,,,,,,,SEBASTIAN BERNAL ,VANESSA LOZADA ,,,,2024-11-21
18.0,2024-11-21 00:00:00,22:30:00,PELLET,POS-ENGRASE,2506.0,LEVANTE,1.0,1.0,1.0,500.0,405.5,81.1,2.54,18.900000000000006,,,,,,,SEBASTIAN BERNAL ,VANESSA LOZADA ,,,,2024-11-21
19.0,2024-11-23 00:00:00,14:00:00,PELLET,POS-ENGRASE,2513.0,FINALIZADOR,1.0,85.0,35.0,500.0,396.5,79.3,2.53,20.700000000000003,,,,,,,SEBASTIAN BERNAL ,VANESSA LOZADA ,,,,2024-11-23
20.0,2024-11-23 00:00:00,16:10:00,PELLET,POS-ENGRASE,200544.0,FINALIZADOR,1.0,,,500.0,383.5,76.7,2.33,23.299999999999997,,,,,,,SEBASTIAN BERNAL ,VANESSA LOZADA ,,,,2024-11-23
21.0,2024-11-23 00:00:00,19:00:00,MOLIENDA,TOLVA,2513.0,FINALIZADOR,1.0,50.0,10.0,,,,,,2.0,,,,,,SEBASTIAN BERNAL ,LUZ ANGELA TOCORA ,,,,2024-11-23
22.0,2024-11-23 00:00:00,21:00:00,PELLET,POS-ENGRASE,2513.0,FINALIZADOR,1.0,85.0,32.0,500.0,393.5,78.7,1.5,21.299999999999997,,,,,,,SEBASTIAN BERNAL ,VANESSA LOZADA ,,,,2024-11-23
23.0,2024-11-23 00:00:00,20:00:00,PELLET,POS-ENGRASE,2513.0,FINALIZADOR,1.0,50.0,12.0,500.0,420.5,84.1,2.25,15.900000000000006,,,,,,,SEBASTIAN BERNAL ,VANESSA LOZADA ,,,,2024-11-23
24.0,2024-11-23 00:00:00,21:00:00,MOLIENDA,TOLVA,2513.0,FINALIZADOR,1.0,50.0,20.0,,,,,,,,,,,,SEBASTIAN BERNAL ,LUZ ANGELA TOCORA ,,,,2024-11-23
25.0,2024-11-24 00:00:00,22:00:00,PELLET,POS-ENGRASE,2513.0,FINALIZADOR,1.0,50.0,20.0,500.0,402.5,80.5,2.2,19.5,,,,,,,SEBASTIAN BERNAL ,VANESSA LOZADA ,,,,2024-11-24
26.0,2024-11-24 00:00:00,07:04:00,MOLIENDA,TOLVA,2513.0,FINALIZADOR,1.0,50.0,10.0,,,,,,2.0,0.36,0.64,6.84,7.64,84.52,SEBASTIAN BERNAL ,LUZ ANGELA TOCORA ,,,,2024-11-24
27.0,2024-11-24 00:00:00,07:10:00,MOLIENDA,TOLVA,2513.0,FINALIZADOR,1.0,50.0,20.0,,,,,,2.0,0.44,0.64,6.72,7.08,85.12,SEBASTIAN BERNAL ,LUZ ANGELA TOCORA ,,,,2024-11-24
28.0,2024-11-23 00:00:00,20:50:00,PELLET,POS-ENGRASE,200544.0,FINALIZADOR,1.0,85.0,36.0,500.0,457.5,91.5,2.91,8.5,,,,,,,SEBASTIAN BERNAL ,VANESSA LOZADA ,,,,2024-11-23
29.0,2024-11-23 00:00:00,22:00:00,PELLET,POS-ENGRASE,200544.0,FINALIZADOR,1.0,85.0,39.0,500.0,461.5,92.3,2.7,7.700000000000003,,,,,,,SEBASTIAN BERNAL ,VANESSA LOZADA ,,,,2024-11-23
30.0,2024-11-24 00:00:00,00:20:00,PELLET,POS-ENGRASE,200544.0,FINALIZADOR,1.0,85.0,44.0,500.0,474.5,94.9,3.28,5.099999999999994,,,,,,,SEBASTIAN BERNAL ,VANESSA LOZADA ,,,,2024-11-24
31.0,2024-11-25 00:00:00,14:15:00,PELLET,POS-ENGRASE,200544.0,FINALIZADOR,1.0,85.0,50.0,500.0,440.0,88.0,3.06,12.0,,,,,,,SEBASTIAN BERNAL ,VANESSA LOZADA ,,,,2024-11-25
32.0,2024-11-25 00:00:00,15:20:00,MOLIENDA,TOLVA,200544.0,FINALIZADOR,1.0,85.0,59.0,,,,,,2.0,0.32,0.52,5.36,6.6,87.20000000000002,SEBASTIAN BERNAL ,VANESSA LOZADA ,,,,2024-11-25
33.0,2024-11-25 00:00:00,15:30:00,PELLET,POS-ENGRASE,200544.0,FINALIZADOR,1.0,85.0,54.0,500.0,440.0,88.0,2.79,12.0,,,,,,,SEBASTIAN BERNAL ,VANESSA LOZADA ,,,,2024-11-25
34.0,2024-11-25 00:00:00,16:00:00,PELLET,POS-ENGRASE,200544.0,FINALIZADOR,1.0,85.0,70.0,500.0,440.5,88.1,2.66,11.900000000000006,,,,,,,SEBASTIAN BERNAL ,VANESSA LOZADA ,,,,2024-11-25
35.0,2024-11-26 00:00:00,22:10:00,PELLET,POS-ENGRASE,200544.0,FINALIZADOR,1.0,85.0,82.0,500.0,433.0,86.6,2.49,13.400000000000006,,,,,,,SEBASTIAN BERNAL ,LUZ ANGELA TOCORA ,,,,2024-11-26
36.0,2024-11-26 00:00:00,22:10:00,PELLET,POS-ENGRASE,200544.0,FINALIZADOR,1.0,85.0,67.0,500.0,442.5,88.5,3.9,11.5,,,,,,,SEBASTIAN BERNAL ,LUZ ANGELA TOCORA ,,,,2024-11-26
36.0,2024-11-26 00:00:00,16:00:00,MOLIENDA,TOLVA,200544.0,FINALIZADOR,3.0,25.0,15.0,,,,,,2.0,0.04,0.16,2.04,2.96,94.8,SEBASTIAN BERNAL ,LUZ ANGELA TOCORA ,,,,2024-11-26
37.0,2024-11-26 00:00:00,16:20:00,MOLIENDA,TOLVA,200544.0,FINALIZADOR,3.0,25.0,3.0,,,,,,2.0,0.04,0.12,1.24,2.44,96.16,SEBASTIAN BERNAL ,LUZ ANGELA TOCORA ,,,,2024-11-26
38.0,2024-11-26 00:00:00,16:30:00,MOLIENDA,TOLVA,200544.0,FINALIZADOR,3.0,25.0,9.0,,,,,,2.0,0.0,0.04,0.92,4.64,94.39999999999999,SEBASTIAN BERNAL ,LUZ ANGELA TOCORA ,,,,2024-11-26
39.0,2024-11-26 00:00:00,19:00:00,PELLET,POS-ENGRASE,200544.0,FINALIZADOR,3.0,25.0,3.0,500.0,442.5,88.5,2.2,11.5,,,,,,,SEBASTIAN BERNAL ,LUZ ANGELA TOCORA ,,,,2024-11-26
40.0,2024-11-26 00:00:00,19:00:00,PELLET,POS-ENGRASE,200544.0,FINALIZADOR,3.0,25.0,19.0,500.0,450.0,90.0,3.29,10.0,,,,,,,SEBASTIAN BERNAL ,LUZ ANGELA TOCORA ,,,,2024-11-26
41.0,2024-11-26 00:00:00,19:00:00,PELLET,POS-ENGRASE,200544.0,FINALIZADOR,3.0,25.0,9.0,500.0,466.5,93.3,3.96,6.700000000000003,,,,,,,SEBASTIAN BERNAL ,LUZ ANGELA TOCORA ,,,,2024-11-26
42.0,2024-11-27 00:00:00,19:00:00,PELLET,POS-ENGRASE,200544.0,FINALIZADOR,4.0,15.0,4.0,500.0,438.0,87.6,3.01,12.400000000000006,,,,,,,SEBASTIAN BERNAL ,LUZ ANGELA TOCORA ,,,,2024-11-27
43.0,2024-11-27 00:00:00,19:00:00,PELLET,POS-ENGRASE,200544.0,FINALIZADOR,3.0,25.0,23.0,500.0,362.0,72.4,3.36,27.599999999999994,,,,,,,SEBASTIAN BERNAL ,LUZ ANGELA TOCORA ,,,,2024-11-27
44.0,2024-11-27 00:00:00,16:10:00,MOLIENDA,TOLVA,2513.0,FINALIZADOR,4.0,15.0,8.0,,,,,,2.0,0.28,0.36,4.16,5.36,89.84,SEBASTIAN BERNAL ,LUZ ANGELA TOCORA ,,,,2024-11-27
45.0,27/11/02024,19:00:00,PELLET,POS-ENGRASE,200544.0,FINALIZADOR,4.0,15.0,11.0,500.0,380.5,76.1,2.61,23.900000000000006,,,,,,,SEBASTIAN BERNAL ,LUZ ANGELA TOCORA ,,,,2024-11-27
46.0,2024-11-27 00:00:00,19:00:00,PELLET,POS-ENGRASE,200542.0,LEVANTE,5.0,50.0,4.0,500.0,446.5,89.3,3.23,10.700000000000003,,,,,,,SEBASTIAN BERNAL ,LUZ ANGELA TOCORA ,,,,2024-11-27
47.0,2024-11-28 00:00:00,13:00:00,MOLIENDA,TOLVA,200542.0,LEVANTE,5.0,50.0,17.0,,,,,,2.5,0.12,0.16,2.12,3.24,94.36,SEBASTIAN BERNAL ,LUZ ANGELA TOCORA ,,,,2024-11-28
48.0,2024-11-29 00:00:00,00:20:00,PELLET,POS-ENGRASE,200542.0,LEVANTE,5.0,50.0,9.0,500.0,360.0,72.0,1.6,28.0,,,,,,,DANIEL ,LUZ ANGELA TOCORA ,,,,2024-11-29
49.0,2024-11-29 00:00:00,22:30:00,PELLET,POS-ENGRASE,200542.0,LEVANTE,5.0,50.0,15.0,500.0,363.5,72.7,2.1,27.299999999999997,,,,,,,DANIEL ,LUZ ANGELA TOCORA ,,,,2024-11-29
817.0,2024-10-27 00:00:00,18:20:00,PELLET,ZARANDA 1,200544.0,,,,,,,,,,,,,,,,,,,,,2024-10-27
818.0,2024-10-27 00:00:00,18:20:00,PELLET,ZARANDA 2,200544.0,,,,,,,,,,,,,,,,,,,,,2024-10-27
1.0,2024-02-01 00:00:00,07:35:00,PELLET,ZARANDA 1,200541.0,LEVANTE,86.0,17.0,5.0,500.0,459.0,91.8,2.77,8.200000000000003,,,,,,,,BRAYAN HERRERA,,,,2024-02-01
2.0,2024-02-01 00:00:00,10:00:00,MOLIENDA,TOLVA,200541.0,LEVANTE,85.0,34.0,15.0,,,,,,"2,5-3,0",0.12,0.64,6.92,6.96,85.36,,BRAYAN HERRERA,,,,2024-02-01
3.0,2024-02-01 00:00:00,12:00:00,PELLET,ZARANDA 1,200541.0,LEVANTE,85.0,34.0,15.0,500.0,469.0,93.8,2.12,6.200000000000003,,,,,,,,BRAYAN HERRERA,,,,2024-02-01
4.0,2024-02-01 00:00:00,12:00:00,MOLIENDA,TOLVA,200541.0,LEVANTE,85.0,34.0,24.0,,,,,,"2,5-3,0",0.08,0.32,3.8,4.24,91.56000000000002,,BRAYAN HERRERA,,,,2024-02-01
5.0,2024-02-01 00:00:00,14:00:00,PELLET,ZARANDA 1,200541.0,LEVANTE,85.0,34.0,23.0,500.0,466.0,93.2,2.6,6.799999999999997,,,,,,,,BRAYAN HERRERA,,,,2024-02-01
6.0,2024-02-01 00:00:00,16:00:00,PELLET,ZARANDA 1,200541.0,LEVANTE,85.0,34.0,30.0,500.0,465.0,93.0,2.66,7.0,,,,,,,,BRAYAN HERRERA,,,,2024-02-01
7.0,2024-02-01 00:00:00,20:00:00,MOLIENDA,TOLVA,200541.0,LEVANTE,86.0,17.0,12.0,,,,,,"2,5-3,0",0.24,0.96,3.76,4.6,90.44000000000001,,BRAYAN HERRERA,,,,2024-02-01
8.0,2024-02-01 00:00:00,22:00:00,MOLIENDA,TOLVA,200541.0,LEVANTE,86.0,17.0,17.0,,,,,,"2,5-3,0",0.4,0.2,2.12,2.28,94.99999999999999,,BRAYAN HERRERA,,,,2024-02-01
9.0,2024-02-01 00:00:00,23:05:00,PELLET,ZARANDA 1,200541.0,LEVANTE,86.0,17.0,12.0,500.0,474.0,94.8,2.89,5.200000000000003,,,,,,,,BRAYAN HERRERA,,,,2024-02-01
10.0,2024-02-01 00:00:00,N/E,MOLIENDA,TOLVA,200541.0,LEVANTE,86.0,17.0,5.0,,,,,,"2,5-3,0",0.12,0.64,6.2,6.24,86.8,,BRAYAN HERRERA,,,,2024-02-01
11.0,2025-02-02 00:00:00,12:30:00,MOLIENDA,TOLVA,200544.0,FINALIZADOR,87.0,26.0,6.0,,,,,,"2,5-3,0",0.16,0.4,3.44,3.84,92.16,,BRAYAN HERRERA,,,,2025-02-02
12.0,2025-02-02 00:00:00,02:00:00,PELLET,ZARANDA 1,200544.0,FINALIZADOR,87.0,26.0,5.0,500.0,468.0,93.6,2.98,6.400000000000006,,,,,,,,BRAYAN HERRERA,,,,2025-02-02
13.0,2025-02-02 00:00:00,02:30:00,MOLIENDA,TOLVA,200544.0,FINALIZADOR,87.0,26.0,14.0,,,,,,"2,5-3,0",0.12,0.64,6.0,6.2,87.03999999999999,,BRAYAN HERRERA,,,,2025-02-02
14.0,2025-02-02 00:00:00,03:30:00,MOLIENDA,TOLVA,200544.0,FINALIZADOR,87.0,26.0,19.0,,,,,,"2,5-3,0",0.12,0.36,3.0,3.52,93.0,,BRAYAN HERRERA,,,,2025-02-02
15.0,2025-02-02 00:00:00,04:00:00,PELLET,ZARANDA 1,200544.0,FINALIZADOR,87.0,26.0,13.0,500.0,466.0,93.2,2.86,6.799999999999997,,,,,,,,BRAYAN HERRERA,,,,2025-02-02
16.0,2025-02-03 00:00:00,18:00:00,MOLIENDA,TOLVA,200544.0,FINALIZADOR,87.0,20.0,1.0,,,,,,"2,5-3",0.4,0.36,4.83,6.12,88.28999999999999,,NATALIA RODRIGUEZ,,,,2025-02-03
17.0,2025-02-03 00:00:00,18:00:00,PELLET,ZARANDA 1,200544.0,FINALIZADOR,87.0,26.0,23.0,500.0,443.0,88.6,2.55,11.400000000000006,,,,,,,,NATALIA RODRIGUEZ,,,,2025-02-03
18.0,2025-02-03 00:00:00,20:30:00,MOLIENDA,TOLVA,200544.0,FINALIZADOR,88.0,20.0,8.0,,,,,,"2,5-3",0.08,0.44,4.68,5.28,89.52000000000001,,NATALIA RODRIGUEZ,,,,2025-02-03
19.0,2025-02-03 00:00:00,21:00:00,PELLET,ZARANDA 1,200544.0,FINALIZADOR,88.0,20.0,4.0,500.0,455.0,91.0,2.36,9.0,,,,,,,,NATALIA RODRIGUEZ,,,,2025-02-03
20.0,2025-02-03 00:00:00,22:00:00,MOLIENDA,TOLVA,200544.0,FINALIZADOR,88.0,20.0,15.0,,,,,,"2,5-3",0.24,0.32,4.2,5.2,90.04,,NATALIA RODRIGUEZ,,,,2025-02-03
21.0,2025-02-03 00:00:00,23:00:00,PELLET,ZARANDA 1,200544.0,FINALIZADOR,88.0,20.0,14.0,500.0,453.0,90.6,2.18,9.400000000000006,,,,,,,,NATALIA RODRIGUEZ,,,,2025-02-03
22.0,2025-02-03 00:00:00,00:00:00,MOLIENDA,TOLVA,200541.0,LEVANTE,89.0,25.0,1.0,,,,,,"2,5-3",0.04,0.36,2.8,4.12,92.67999999999999,,NATALIA RODRIGUEZ,,,,2025-02-03
23.0,2025-02-03 00:00:00,02:30:00,PELLET,ZARANDA 1,200541.0,LEVANTE,89.0,25.0,6.0,500.0,464.0,92.8,2.16,7.200000000000003,,,,,,,,NATALIA RODRIGUEZ,,,,2025-02-03
24.0,2025-02-03 00:00:00,02:00:00,MOLIENDA,TOLVA,200541.0,LEVANTE,89.0,25.0,13.0,,,,,,"2,5-3",0.08,0.36,3.76,4.6,91.2,,NATALIA RODRIGUEZ,,,,2025-02-03
25.0,2025-02-03 00:00:00,03:20:00,PELLET,ZARANDA 1,200541.0,LEVANTE,89.0,25.0,11.0,500.0,452.0,90.4,2.32,9.599999999999994,,,,,,,,NATALIA RODRIGUEZ,,,,2025-02-03
26.0,2025-02-03 00:00:00,04:50:00,PELLET,ZARANDA 1,200541.0,LEVANTE,89.0,25.0,15.0,500.0,448.0,89.6,2.3,10.400000000000006,,,,,,,,NATALIA RODRIGUEZ,,,,2025-02-03
27.0,2025-02-03 00:00:00,09:30:00,MOLIENDA,TOLVA,200541.0,LEVANTE,89.0,25.0,20.0,,,,,,"2,5-3",0.04,0.16,2.44,3.04,94.32,,NATALIA RODRIGUEZ,,,,2025-02-03
28.0,2025-02-03 00:00:00,22:30:00,PELLET,ZARANDA 1,200541.0,LEVANTE,89.0,25.0,17.0,500.0,468.0,93.6,2.57,6.400000000000006,,,,,,,,NATALIA RODRIGUEZ,,,,2025-02-03
29.0,2025-02-03 00:00:00,12:28:00,PELLET,ZARANDA 1,200541.0,LEVANTE,89.0,25.0,23.0,500.0,446.0,89.2,2.61,10.799999999999997,,,,,,,,NATALIA RODRIGUEZ,,,,2025-02-03
30.0,2025-02-03 00:00:00,11:00:00,MOLIENDA,TOLVA,200541.0,LEVANTE,90.0,15.0,1.0,,,,,,"2,5-3",0.04,0.32,4.6,6.4,88.64,,NATALIA RODRIGUEZ,,,,2025-02-03
31.0,2025-02-03 00:00:00,12:00:00,MOLIENDA,TOLVA,200541.0,LEVANTE,90.0,15.0,7.0,,,,,,"2,5-3",0.04,0.2,2.72,3.56,93.47999999999999,,NATALIA RODRIGUEZ,,,,2025-02-03
32.0,2025-02-03 00:00:00,13:50:00,PELLET,ZARANDA 1,200541.0,LEVANTE,90.0,15.0,6.0,500.0,460.0,92.0,2.3,8.0,,,,,,,,NATALIA RODRIGUEZ,,,,2025-02-03
33.0,2025-02-03 00:00:00,15:00:00,PELLET,ZARANDA 1,200541.0,LEVANTE,90.0,15.0,13.0,500.0,458.0,,2.58,,,,,,,,,NATALIA RODRIGUEZ,,,,2025-02-03
34.0,2025-02-03 00:00:00,18:30:00,PELLET,ZARANDA 1,200544.0,FINALIZADOR,91.0,15.0,5.0,500.0,463.0,,2.6,,,,,,,,,NATALIA RODRIGUEZ,,,,2025-02-03
35.0,2025-02-03 00:00:00,22:40:00,PELLET,ZARANDA 1,200544.0,FINALIZADOR,91.0,15.0,13.0,500.0,474.0,,2.17,,,,,,,,,NATALIA RODRIGUEZ,,,,2025-02-03
36.0,2025-02-04 00:00:00,00:00:00,MOLIENDA,TOLVA,200543.0,ENGORDE,92.0,15.0,8.0,,,,,,"2,5-3,0",0.12,1.32,10.96,8.76,78.83999999999999,,NATALIA RODRIGUEZ,,,,2025-02-04
37.0,2025-02-04 00:00:00,01:00:00,PELLET,ZARANDA 1,200543.0,ENGORDE,92.0,15.0,6.0,500.0,456.0,,2.8,,,,,,,,,NATALIA RODRIGUEZ,,,,2025-02-04
38.0,2025-02-04 00:00:00,02:00:00,MOLIENDA,TOLVA,200542.0,LEVANTE,93.0,30.0,4.0,,,,,,"2,5-3,0",0.12,0.88,7.56,6.64,84.8,,NATALIA RODRIGUEZ,,,,2025-02-04
39.0,2025-02-04 00:00:00,10:00:00,MOLIENDA,TOLVA,200544.0,FINALIZADOR,91.0,15.0,8.0,,,,,,"2,5-3,0",0.12,0.48,5.4,7.2,86.79999999999998,,NATALIA RODRIGUEZ,,,,2025-02-04
40.0,2025-02-04 00:00:00,09:00:00,PELLET,ZARANDA 1,200542.0,LEVANTE,93.0,30.0,4.0,500.0,464.0,,2.72,,,,,,,,,VANESSA LOSADA,,,,2025-02-04
41.0,2025-02-04 00:00:00,12:00:00,MOLIENDA,TOLVA,200542.0,LEVANTE,93.0,30.0,9.0,,,,,,"2,5,-3,0",0.24,1.16,7.36,6.84,84.4,,VANESSA LOSADA,,,,2025-02-04
42.0,2025-02-04 00:00:00,02:20:00,PELLET,ZARANDA 1,200542.0,LEVANTE,93.0,30.0,12.0,500.0,463.0,,2.59,,,,,,,,,VANESSA LOSADA,,,,2025-02-04
43.0,2025-02-04 00:00:00,02:30:00,MOLIENDA,TOLVA,200542.0,LEVANTE,93.0,93.0,30.0,,,,,,"2,5-3,0",0.12,0.88,8.36,6.24,84.4,,VANESSA LOSADA,,,,2025-02-04
44.0,2025-02-04 00:00:00,03:49:00,PELLET,ZARANDA 1,200542.0,LEVANTE,93.0,30.0,20.0,500.0,460.5,92.1,2.27,,,0.12,0.2,0.2,1.2,98.27999999999999,,VANESSA LOSADA,,,,2025-02-04
45.0,2025-02-04 00:00:00,03:40:00,MOLIENDA,TOLVA,200542.0,LEVANTE,93.0,30.0,19.0,,,,,,,,,,,,,VANESSA LOSADA,,,,2025-02-04
46.0,2025-02-04 00:00:00,16:00:00,MOLIENDA,TOLVA,200542.0,LEVANTE,93.0,30.0,26.0,,,,,,"2,5-3,0",0.08,0.68,5.4,7.2,86.63999999999999,,BRAYAN HERRERA,,,,2025-02-04
71.0,2025-02-04 00:00:00,17:34:00,PELLET,ZARANDA 1,200542.0,LEVANTE,93.0,30.0,27.0,500.0,461.0,92.2,2.51,7.799999999999997,,,,,,,,BRAYAN HERRERA,,,,2025-02-04
37.0,2025-02-04 00:00:00,19:30:00,MOLIENDA,TOLVA,200541.0,LEVANTE,94.0,85.0,10.0,,,,,,"2,5-3,0",0.92,0.46,6.0,5.6,87.02000000000001,,BRAYAN HERRERA,,,,2025-02-04
38.0,2025-02-04 00:00:00,22:00:00,MOLIENDA,TOLVA,200541.0,LEVANTE,94.0,85.0,18.0,,,,,,"2,5-3,0",0.12,0.56,5.56,5.48,88.27999999999999,,BRAYAN HERRERA,,,,2025-02-04
39.0,2025-02-04 00:00:00,23:30:00,PELLET,ZARANDA 1,200541.0,LEVANTE,94.0,85.0,16.0,500.0,453.0,90.6,2.26,9.400000000000006,,,,,,,,BRAYAN HERRERA,,,,2025-02-04
40.0,2025-02-04 00:00:00,21:30:00,PELLET,ZARANDA 1,200541.0,LEVANTE,94.0,85.0,8.0,500.0,439.0,87.8,2.22,12.200000000000003,,,,,,,,BRAYAN HERRERA,,,,2025-02-04
41.0,2025-02-05 00:00:00,11:50:00,MOLIENDA,TOLVA,200541.0,LEVANTE,94.0,85.0,11.0,,,,,,"2,5-3,0",0.12,0.76,6.6,6.36,86.16,,BRAYAN HERRERA,,,,2025-02-05
42.0,2025-02-05 00:00:00,00:00:00,MOLIENDA,TOLVA,200541.0,LEVANTE,94.0,85.0,28.0,,,,,,"2,5-3,0",0.32,0.44,4.68,4.92,89.64,,BRAYAN HERRERA,,,,2025-02-05
43.0,2025-02-05 00:00:00,04:00:00,PELLET,ZARANDA 1,200541.0,LEVANTE,94.0,85.0,29.0,500.0,415.0,83.0,2.2,17.0,,,,,,,,BRAYAN HERRERA,,,,2025-02-05
44.0,2025-02-05 00:00:00,13:00:00,MOLIENDA,TOLVA,200541.0,LEVANTE,94.0,85.0,47.0,,,,,,"2,5-3,0",0.12,0.52,5.6,5.64,88.12,,BRAYAN HERRERA,,,,2025-02-05
45.0,2025-02-05 00:00:00,14:00:00,PELLET,ZARANDA 1,200541.0,LEVANTE,94.0,85.0,23.0,500.0,459.0,91.8,2.33,8.200000000000003,,,,,,,,BRAYAN HERRERA,,,,2025-02-05
46.0,2025-02-05 00:00:00,14:30:00,PELLET,ZARANDA 1,200541.0,LEVANTE,94.0,85.0,48.0,500.0,438.0,87.6,2.41,12.400000000000006,,,,,,,,BRAYAN HERRERA,,,,2025-02-05
47.0,2025-02-05 00:00:00,14:30:00,MOLIENDA,TOLVA,200541.0,LEVANTE,94.0,85.0,54.0,,,,,,"2,5-3,0",0.04,0.44,5.2,5.22,89.1,,BRAYAN HERRERA,,,,2025-02-05
48.0,2025-02-05 00:00:00,12:50:00,PELLET,ZARANDA 1,200541.0,LEVANTE,94.0,85.0,41.0,500.0,464.0,92.8,2.5,7.200000000000003,,,,,,,,BRAYAN HERRERA,,,,2025-02-05
49.0,2025-02-05 00:00:00,22:22:00,PELLET,ZARANDA 1,200541.0,LEVANTE,94.0,85.0,36.0,500.0,440.0,88.0,2.5,12.0,,,,,,,,BRAYAN HERRERA,,,,2025-02-05
50.0,2025-02-06 00:00:00,04:00:00,MOLIENDA,TOLVA,200541.0,LEVANTE,94.0,85.0,60.0,,,,,,"2,5-3,0",0.23,0.46,4.48,4.64,90.19,,BRAYAN HERRERA,,,,2025-02-06
51.0,2025-02-06 00:00:00,05:30:00,MOLIENDA,TOLVA,200541.0,LEVANTE,94.0,85.0,70.0,,,,,,"2,5-3,0",0.32,0.48,5.2,6.12,87.88,,BRAYAN HERRERA,,,,2025-02-06
52.0,2025-02-06 00:00:00,15:20:00,MOLIENDA,TOLVA,200541.0,LEVANTE,94.0,85.0,75.0,,,,,,"2,5-3,0",0.46,2.1,5.16,4.84,87.44000000000001,,BRAYAN HERRERA,,,,2025-02-06
53.0,2025-02-06 00:00:00,14:20:00,PELLET,ZARANDA 1,200541.0,LEVANTE,94.0,85.0,74.0,500.0,422.0,84.4,2.2,15.599999999999994,,,,,,,,BRAYAN HERRERA,,,,2025-02-06
51.0,2025-02-06 00:00:00,16:00:00,PELLET,ZARANDA 1,200541.0,LEVANTE,94.0,85.0,58.0,500.0,459.0,91.8,3.15,8.200000000000003,,,,,,,,BRAYAN HERRERA,,,,2025-02-06
52.0,2025-02-06 00:00:00,16:22:00,PELLET,ZARANDA 1,200541.0,LEVANTE,94.0,85.0,81.0,500.0,452.0,90.4,2.41,9.599999999999994,,,,,,,,BRAYAN HERRERA,,,,2025-02-06
53.0,2025-02-06 00:00:00,18:00:00,PELLET,ZARANDA 1,200541.0,LEVANTE,94.0,85.0,66.0,500.0,456.0,91.2,3.12,8.799999999999997,,,,,,,,BRAYAN HERRERA,,,,2025-02-06
54.0,2025-02-06 00:00:00,19:48:00,PELLET,ZARANDA 1,200544.0,FINALIZADOR,95.0,65.0,4.0,500.0,458.0,91.6,2.3,8.400000000000006,,,,,,,DAIRO C,VANESSA LOSADA,,,,2025-02-06
55.0,2025-02-06 00:00:00,18:00:00,MOLIENDA,TOLVA,200544.0,FINALIZADOR,95.0,65.0,3.0,,,,,,"2,5-3,0",0.34,0.46,4.96,4.84,89.4,,VANESSA LOSADA,,,,2025-02-06
56.0,2025-02-06 00:00:00,22:00:00,MOLIENDA,TOLVA,200544.0,FINALIZADOR,95.0,65.0,20.0,,,,,,"2,5-3,0",0.54,1.08,4.32,4.32,89.74000000000001,,VANESSA LOSADA,,,,2025-02-06
57.0,2025-02-06 00:00:00,21:30:00,PELLET,ZARANDA 1,200544.0,FINALIZADOR,95.0,65.0,10.0,500.0,455.5,91.1,2.1,8.900000000000006,,,,,,,DANIEL P,VANESSA LOSADA,,,,2025-02-06
58.0,2025-02-07 00:00:00,01:00:00,MOLIENDA,TOLVA,200544.0,FINALIZADOR,95.0,65.0,24.0,,,,,,"2,5-3,0",0.12,0.32,4.84,4.24,90.48,,VANESSA LOSADA,,,,2025-02-07
59.0,2025-02-07 00:00:00,01:00:00,PELLET,ZARANDA 1,200544.0,FINALIZADOR,95.0,65.0,24.0,500.0,462.0,92.4,2.8,7.599999999999994,,,,,,,DANIEL P,VANESSA LOSADA,,,,2025-02-07
60.0,2025-02-07 00:00:00,10:00:00,PELLET,ZARANDA 1,200544.0,FINALIZADOR,95.0,65.0,54.0,500.0,459.0,91.8,2.4,8.200000000000003,,,,,,,DAIRO C,VANESSA LOSADA,,,,2025-02-07
72.0,2025-02-07 00:00:00,15:00:00,PELLET,ZARANDA 1,200544.0,FINALIZADOR,95.0,65.0,32.0,500.0,450.0,90.0,2.6,10.0,,,,,,,DANIEL P,VANESSA LOSADA,,,,2025-02-07
73.0,2025-02-07 00:00:00,15:30:00,MOLIENDA,TOLVA,200544.0,FINALIZADOR,95.0,65.0,35.0,,,,,,"2,5-3,0",0.16,0.54,4.36,4.0,90.94,,VANESSA LOSADA,,,,2025-02-07
0.0,2025-02-07 00:00:00,17:00:00,PELLET,ZARANDA 1,200544.0,FINALIZADOR,95.0,65.0,40.0,500.0,465.0,93.0,2.6,7.0,,,,,,,DANIEL P,VANESSA LOSADA,,,,2025-02-07
75.0,2025-02-07 00:00:00,17:30:00,MOLIENDA,TOLVA,200544.0,FINALIZADOR,95.0,65.0,45.0,,,,,,"2,5-3,0",0.24,0.36,5.12,4.24,90.04,,VANESSA LOSADA,,,,2025-02-07
76.0,2025-02-07 00:00:00,19:00:00,MOLIENDA,TOLVA,200544.0,FINALIZADOR,95.0,65.0,53.0,,,,,,,0.32,0.44,5.32,4.24,89.68000000000002,,VANESSA LOSADA,,,,2025-02-07
77.0,2025-02-07 00:00:00,22:30:00,MOLIENDA,TOLVA,200544.0,FINALIZADOR,95.0,65.0,62.0,,,,,,,0.12,0.48,5.26,4.48,89.65999999999998,,VANESSA LOSADA,,,,2025-02-07
78.0,2025-02-07 00:00:00,19:00:00,PELLET,ZARANDA 1,200544.0,FINALIZADOR,95.0,65.0,48.0,500.0,466.0,93.2,2.6,6.799999999999997,,,,,,,DANIEL P,VANESSA LOSADA,,,,2025-02-07
79.0,2025-02-07 00:00:00,12:18:00,PELLET,ZARANDA 1,200544.0,FINALIZADOR,95.0,65.0,62.0,500.0,460.5,92.1,2.8,7.900000000000006,,,,,,,DAIRO C,VANESSA LOSADA,,,,2025-02-07
80.0,2025-02-07 00:00:00,13:00:00,MOLIENDA,TOLVA,200543.0,ENGORDE,96.0,15.0,4.0,,,,,,"2,5-3,0",0.22,0.36,4.98,3.56,90.88,,VANESSA LOSADA,,,,2025-02-07
81.0,2025-02-07 00:00:00,14:20:00,PELLET,ZARANDA 1,200543.0,ENGORDE,96.0,15.0,4.0,500.0,458.0,91.6,2.2,8.400000000000006,,,,,,,DAIRO C,VANESSA LOSADA,,,,2025-02-07
82.0,2025-02-07 00:00:00,15:30:00,MOLIENDA,TOLVA,200543.0,ENGORDE,96.0,15.0,13.0,,,,,,"2,5-3",0.04,0.4,3.6,4.4,91.55999999999999,,NATALIA RODRIGUEZ,,,,2025-02-07
83.0,2025-02-07 00:00:00,16:21:00,PELLET,ZARANDA 1,200543.0,ENGORDE,96.0,15.0,11.0,500.0,450.0,90.0,2.02,10.0,,,,,,,DAIRO C,NATALIA RODRIGUEZ,,,,2025-02-07
84.0,2025-02-07 00:00:00,19:00:00,PELLET,ZARANDA 1,200542.0,LEVANTE,97.0,25.0,7.0,500.0,466.0,93.2,2.2,6.799999999999997,,,,,,,DANIEL P,NATALIA RODRIGUEZ,,,,2025-02-07
85.0,2025-02-07 00:00:00,19:00:00,MOLIENDA,TOLVA,200542.0,LEVANTE,97.0,25.0,8.0,,,,,,"2,5-3",0.08,0.72,7.2,7.04,84.96,,NATALIA RODRIGUEZ,,,,2025-02-07
86.0,2025-02-08 00:00:00,00:30:00,PELLET,ZARANDA 1,200542.0,LEVANTE,97.0,25.0,19.0,500.0,460.0,92.0,2.02,8.0,,,,,,,DANIEL P,NATALIA RODRIGUEZ,,,,2025-02-08
87.0,2025-02-08 00:00:00,00:00:00,MOLIENDA,TOLVA,200542.0,LEVANTE,97.0,25.0,19.0,,,,,,"2,5-3",0.08,0.4,3.68,5.2,90.63999999999999,,NATALIA RODRIGUEZ,,,,2025-02-08
88.0,2025-02-08 00:00:00,03:00:00,MOLIENDA,TOLVA,200541.0,LEVANTE,98.0,35.0,8.0,,,,,,"2,5-3",0.08,0.4,3.96,4.46,91.10000000000001,,NATALIA RODRIGUEZ,,,,2025-02-08
89.0,2025-02-08 00:00:00,03:10:00,PELLET,ZARANDA 1,200541.0,LEVANTE,98.0,35.0,4.0,500.0,464.0,92.8,2.31,7.200000000000003,,,,,,,DANIEL P,NATALIA RODRIGUEZ,,,,2025-02-08
90.0,2025-02-08 00:00:00,09:31:00,MOLIENDA,TOLVA,200541.0,LEVANTE,98.0,35.0,10.0,500.0,443.0,88.6,2.18,11.400000000000006,,,,,,,DAIRO C,NATALIA RODRIGUEZ,,,,2025-02-08
91.0,2025-02-08 00:00:00,10:20:00,MOLIENDA,TOLVA,200541.0,LEVANTE,98.0,35.0,17.0,,,,,,"2,5-3",0.12,0.92,6.0,5.08,87.88,,NATALIA RODRIGUEZ,,,,2025-02-08
92.0,2025-02-08 00:00:00,10:57:00,PELLET,ZARANDA 1,200541.0,LEVANTE,98.0,35.0,16.0,500.0,464.0,92.8,2.25,7.200000000000003,,,,,,,DAIRO C,NATALIA RODRIGUEZ,,,,2025-02-08
93.0,2025-02-08 00:00:00,13:00:00,MOLIENDA,TOLVA,200541.0,LEVANTE,98.0,35.0,25.0,,,,,,"2,5-3",0.24,1.36,7.4,5.64,85.36,,NATALIA RODRIGUEZ,,,,2025-02-08
94.0,2025-02-08 00:00:00,14:00:00,PELLET,ZARANDA 1,200541.0,LEVANTE,98.0,35.0,24.0,500.0,469.0,93.8,2.42,6.200000000000003,,,,,,,,NATALIA RODRIGUEZ,,,,2025-02-08
95.0,2025-02-08 00:00:00,15:40:00,PELLET,ZARANDA 1,200541.0,LEVANTE,98.0,35.0,33.0,500.0,466.0,93.2,2.36,6.799999999999997,,,,,,,DAIRO C,NATALIA RODRIGUEZ,,,,2025-02-08
96.0,2025-02-08 00:00:00,17:00:00,MOLIENDA,TOLVA,200541.0,LEVANTE,99.0,10.0,5.0,,,,,,"2,5-3",0.28,1.48,8.6,6.24,83.4,,NATALIA RODRIGUEZ,,,,2025-02-08
97.0,2025-02-08 00:00:00,17:30:00,PELLET,ZARANDA 1,200541.0,LEVANTE,99.0,10.0,5.0,500.0,466.0,93.2,2.46,6.799999999999997,,,,,,,,NATALIA RODRIGUEZ,,,,2025-02-08
98.0,2025-02-08 00:00:00,20:30:00,PELLET,ZARANDA 1,200544.0,FINALIZADOR,100.0,30.0,5.0,500.0,460.0,92.0,2.34,8.0,,,,,,,,NATALIA RODRIGUEZ,,,,2025-02-08
99.0,2025-02-08 00:00:00,20:00:00,MOLIENDA,TOLVA,200544.0,FINALIZADOR,100.0,30.0,5.0,,,,,,,,,,,,,NATALIA RODRIGUEZ,,,,2025-02-08
100.0,2025-02-08 00:00:00,22:00:00,MOLIENDA,TOLVA,200544.0,FINALIZADOR,100.0,30.0,15.0,,,,,,"2,5-3,0",0.2,0.96,5.16,4.52,89.16000000000001,,VANESSA LOSADA,,,,2025-02-08
101.0,2025-02-08 00:00:00,22:30:00,PELLET,ZARANDA 1,200544.0,FINALIZADOR,100.0,30.0,13.0,500.0,459.5,91.9,2.5,8.099999999999994,,,,,,,DANIEL P,VANESSA LOSADA,,,,2025-02-08
102.0,2025-02-09 00:00:00,00:00:00,MOLIENDA,TOLVA,200544.0,FINALIZADOR,100.0,30.0,26.0,,,,,,"2,5-3,0",0.2,0.88,6.42,5.24,87.26,,VANESSA LOSADA,,,,2025-02-09
103.0,2025-02-09 00:00:00,00:20:00,PELLET,ZARANDA 1,200544.0,FINALIZADOR,100.0,30.0,20.0,500.0,460.0,92.0,2.2,8.0,,,,,,,,VANESSA LOSADA,,,,2025-02-09
104.0,2025-02-10 00:00:00,09:00:00,MOLIENDA,TOLVA,200541.0,LEVANTE,101.0,65.0,6.0,,,,,,"2,5-3,0",0.28,1.16,7.4,6.5,84.66,,VANESSA LOSADA,,,,2025-02-10
105.0,2025-02-10 00:00:00,11:00:00,PELLET,ZARANDA 1,200541.0,LEVANTE,101.0,65.0,7.0,500.0,455.0,91.0,2.4,9.0,,,,,,,,VANESSA LOSADA,,,,2025-02-10
106.0,2025-02-10 00:00:00,13:00:00,PELLET,ZARANDA 1,200541.0,LEVANTE,101.0,65.0,15.0,500.0,455.5,91.1,2.1,8.900000000000006,,,,,,,,VANESSA LOSADA,,,,2025-02-10
107.0,2025-02-10 00:00:00,15:30:00,PELLET,ZARANDA 1,200541.0,LEVANTE,101.0,65.0,23.0,500.0,460.0,92.0,2.16,8.0,,,,,,,DANIEL P,CAROLINA GELVES,,,,2025-02-10
108.0,2025-02-10 00:00:00,14:00:00,MOLIENDA,TOLVA,200541.0,LEVANTE,101.0,65.0,27.0,,,,,,"2,5 - 3,0",0.1,0.4,3.8,3.2,92.5,,CAROLINA GELVES,,,,2025-02-10
109.0,2025-02-10 00:00:00,16:00:00,MOLIENDA,TOLVA,200541.0,LEVANTE,101.0,65.0,36.0,,,,,,"2,5 - 3,0",0.16,1.2,8.0,6.8,83.84,,CAROLINA GELVES,,,,2025-02-10
110.0,2025-02-10 00:00:00,17:00:00,PELLET,ZARANDA 1,200541.0,LEVANTE,101.0,65.0,28.0,500.0,449.0,89.8,2.73,10.200000000000003,,,,,,,,CAROLINA GELVES,,,,2025-02-10
111.0,2025-02-10 00:00:00,17:00:00,PELLET,ZARANDA 1,200541.0,LEVANTE,101.0,65.0,40.0,500.0,455.0,91.0,2.5,9.0,,,,,,,,CAROLINA GELVES,,,,2025-02-10
112.0,2024-10-02,18:00:00,MOLIENDA,TOLVA,200541.0,LEVANTE,101.0,65.0,48.0,,,,,,"2,5 - 3,0",0.4,1.2,6.52,5.52,86.36,,CAROLINA GELVES,,,,2024-10-02
113.0,2025-02-10 00:00:00,21:00:00,MOLIENDA,TOLVA,200541.0,LEVANTE,101.0,65.0,55.0,,,,,,"2,5 - 3,0",0.2,1.0,6.4,4.0,88.39999999999999,,CAROLINA GELVES,,,,2025-02-10
114.0,2025-02-10 00:00:00,21:00:00,PELLET,ZARANDA 1,200541.0,LEVANTE,101.0,65.0,48.0,500.0,458.0,91.6,2.61,8.400000000000006,,,,,,,,CAROLINA GELVES,,,,2025-02-10
115.0,2025-02-10 00:00:00,23:00:00,MOLIENDA,TOLVA,200541.0,LEVANTE,101.0,65.0,64.0,,,,,,"2,5 - 3,0",0.28,0.8,6.4,4.0,88.52,,CAROLINA GELVES,,,,2025-02-10
116.0,2025-02-10 00:00:00,23:01:00,PELLET,ZARANDA 1,200541.0,LEVANTE,101.0,65.0,54.0,500.0,469.0,93.8,2.83,6.200000000000003,,,,,,,,CAROLINA GELVES,,,,2025-02-10
117.0,2025-02-11 00:00:00,11:00:00,PELLET,ZARANDA 1,200543.0,ENGORDE,102.0,30.0,15.0,500.0,390.0,78.0,2.06,22.0,,,,,,,,CAROLINA GELVES,,,,2025-02-11
118.0,2025-02-11 00:00:00,00:46:00,PELLET,ZARANDA 1,200541.0,LEVANTE,101.0,65.0,62.0,500.0,465.0,93.0,2.67,7.0,,,,,,,,CAROLINA GELVES,,,,2025-02-11
119.0,2025-02-11 00:00:00,12:55:00,PELLET,ZARANDA 1,200543.0,ENGORDE,102.0,30.0,23.0,500.0,436.0,87.2,2.4,12.799999999999997,,,,,,,,CAROLINA GELVES,,,,2025-02-11
120.0,2025-02-11 00:00:00,01:00:00,MOLIENDA,TOLVA,200543.0,ENGORDE,102.0,30.0,4.0,,,,,,"2,5 - 3,0",0.2,0.8,6.4,4.8,87.8,,CAROLINA GELVES,,,,2025-02-11
121.0,2025-02-11 00:00:00,03:00:00,MOLIENDA,TOLVA,200543.0,ENGORDE,102.0,30.0,18.0,,,,,,"2,5 - 3,0",0.24,1.12,5.96,4.52,88.16000000000001,,CAROLINA GELVES,,,,2025-02-11
122.0,2025-02-11 00:00:00,03:20:00,PELLET,ZARANDA 1,200543.0,ENGORDE,102.0,30.0,5.0,500.0,448.0,89.6,2.01,10.400000000000006,,,,,,,,CAROLINA GELVES,,,,2025-02-11
123.0,2025-02-11 00:00:00,11:00:00,MOLIENDA,TOLVA,200543.0,ENGORDE,102.0,30.0,20.0,,,,,,"2,5 - 3,0",0.4,1.6,7.6,5.2,85.2,,CAROLINA GELVES,,,,2025-02-11
124.0,2025-02-11 00:00:00,13:00:00,MOLIENDA,TOLVA,200543.0,ENGORDE,102.0,30.0,29.0,,,,,,"2,5 - 3,0",0.04,0.36,2.4,2.8,94.39999999999999,,CAROLINA GELVES,,,,2025-02-11
125.0,2025-02-11 00:00:00,11:00:00,MOLIENDA,TOLVA,200544.0,FINALIZADOR,105.0,53.0,5.0,,,,,,"2,5 - 3,0",0.32,1.56,8.88,6.64,82.60000000000001,,BRAYAN HERRERA,,,,2025-02-11
126.0,2025-02-11 00:00:00,15:00:00,MOLIENDA,TOLVA,200542.0,LEVANTE,103.0,25.0,3.0,,,,,,"2,5 - 3,0",0.36,1.84,9.52,6.72,81.56,,BRAYAN HERRERA,,,,2025-02-11
127.0,2025-02-11 00:00:00,17:00:00,MOLIENDA,TOLVA,200542.0,LEVANTE,103.0,25.0,13.0,,,,,,"2,5 - 3,0",0.2,0.36,4.72,4.24,90.48,,CAROLINA GELVES,,,,2025-02-11
128.0,2025-02-11 00:00:00,19:00:00,PELLET,ZARANDA 1,200542.0,LEVANTE,103.0,25.0,15.0,500.0,436.0,87.2,2.44,12.799999999999997,,,,,,,,CAROLINA GELVES,,,,2025-02-11
129.0,2025-02-11 00:00:00,19:15:00,MOLIENDA,TOLVA,200542.0,LEVANTE,103.0,25.0,21.0,,,,,,"2,5 - 3,0",0.24,1.32,8.4,7.12,82.92,,CAROLINA GELVES,,,,2025-02-11
130.0,2025-02-11 00:00:00,19:30:00,PELLET,ZARANDA 1,200542.0,LEVANTE,103.0,25.0,19.0,500.0,455.0,91.0,2.65,9.0,,,,,,,,CAROLINA GELVES,,,,2025-02-11
131.0,2025-02-11 00:00:00,10:20:00,MOLIENDA,TOLVA,200541.0,LEVANTE,104.0,40.0,10.0,,,,,,"2,5 - 3,0",0.12,0.64,5.68,4.42,89.14,,CAROLINA GELVES,,,,2025-02-11
132.0,2025-02-11 00:00:00,23:00:00,PELLET,ZARANDA 1,200541.0,LEVANTE,104.0,40.0,5.0,500.0,457.0,91.4,2.44,8.599999999999994,,,,,,,,CAROLINA GELVES,,,,2025-02-11
133.0,2025-02-12 00:00:00,00:30:00,PELLET,ZARANDA 1,200541.0,LEVANTE,104.0,40.0,10.0,500.0,452.0,90.4,2.63,9.599999999999994,,,,,,,,CAROLINA GELVES,,,,2025-02-12
134.0,2025-02-12 00:00:00,01:00:00,MOLIENDA,TOLVA,200541.0,LEVANTE,104.0,40.0,20.0,,,,,,"2,5 - 3,0",0.2,0.89,5.64,5.6,87.67,,CAROLINA GELVES,,,,2025-02-12
135.0,2025-02-12 00:00:00,02:30:00,PELLET,ZARANDA 1,200541.0,LEVANTE,104.0,40.0,19.0,500.0,463.0,92.6,2.55,7.400000000000006,,,,,,,,CAROLINA GELVES,,,,2025-02-12
136.0,2025-02-12 00:00:00,03:00:00,MOLIENDA,TOLVA,200541.0,LEVANTE,104.0,40.0,30.0,,,,,,"2,5 - 3,0",0.24,0.8,6.52,6.04,86.4,,CAROLINA GELVES,,,,2025-02-12
137.0,2025-02-12 00:00:00,10:00:00,MOLIENDA,TOLVA,200541.0,LEVANTE,104.0,40.0,39.0,,,,,,"2,5 - 3,0",0.16,0.84,6.4,5.36,87.24,,CAROLINA GELVES,,,,2025-02-12
138.0,2025-02-12 00:00:00,10:45:00,PELLET,ZARANDA 1,200541.0,LEVANTE,104.0,40.0,34.0,500.0,452.0,90.4,2.46,9.599999999999994,,,,,,,,CAROLINA GELVES,,,,2025-02-12
139.0,2025-02-12 00:00:00,13:00:00,MOLIENDA,TOLVA,200544.0,FINALIZADOR,105.0,55.0,14.0,,,,,,"2,5 - 3,0",0.16,0.76,5.52,6.32,87.24000000000001,,CAROLINA GELVES,,,,2025-02-12
140.0,2025-02-12 00:00:00,13:50:00,PELLET,ZARANDA 1,200541.0,LEVANTE,105.0,55.0,6.0,500.0,452.0,90.4,2.13,9.599999999999994,,,,,,,,CAROLINA GELVES,,,,2025-02-12
141.0,2025-02-12 00:00:00,16:00:00,PELLET,ZARANDA 1,200544.0,FINALIZADOR,105.0,55.0,15.0,500.0,444.0,88.8,2.24,11.200000000000003,,,,,,,,CAROLINA GELVES,,,,2025-02-12
142.0,2025-02-12 00:00:00,16:00:00,PELLET,ZARANDA 1,200542.0,LEVANTE,103.0,25.0,4.0,500.0,458.0,91.6,2.23,8.400000000000006,,,,,,,,CAROLINA GELVES,,,,2025-02-12
143.0,2025-02-13 00:00:00,00:42:00,PELLET,ZARANDA 1,200544.0,FINALIZADOR,105.0,55.0,30.0,500.0,449.0,89.8,2.56,10.200000000000003,,,,,,,,CAROLINA GELVES,,,,2025-02-13
144.0,2025-02-13 00:00:00,02:32:00,PELLET,ZARANDA 1,200544.0,FINALIZADOR,105.0,55.0,35.0,500.0,445.0,89.0,3.04,11.0,,,,,,,,CAROLINA GELVES,,,,2025-02-13
145.0,2025-02-13 00:00:00,19:30:00,MOLIENDA,TOLVA,200541.0,LEVANTE,106.0,45.0,43.0,,,,,,"2,5-4,0",0.24,0.72,5.16,5.12,88.76,,VANESSA LOSADA,,,,2025-02-13
146.0,2025-02-13 00:00:00,17:00:00,MOLIENDA,TOLVA,200541.0,LEVANTE,106.0,45.0,30.0,,,,,,"2,5-3,0",0.44,0.68,5.52,4.76,88.6,,VANESSA LOSADA,,,,2025-02-13
147.0,2025-02-13 00:00:00,00:00:00,MOLIENDA,TOLVA,200544.0,FINALIZADOR,105.0,55.0,28.0,,,,,,"2,5-3,0",0.22,0.7,3.89,4.7,90.49,,VANESSA LOSADA,,,,2025-02-13
148.0,2025-02-13 00:00:00,23:50:00,MOLIENDA,TOLVA,200541.0,LEVANTE,106.0,45.0,5.0,,,,,,"2,5-3,0",0.7,1.43,8.1,6.5,83.27,,VANESSA LOSADA,,,,2025-02-13
149.0,2025-02-13 00:00:00,14:30:00,MOLIENDA,TOLVA,200541.0,LEVANTE,106.0,45.0,11.0,,,,,,"2,5-4,0",0.09,0.18,2.54,4.4,92.78999999999998,,VANESSA LOSADA,,,,2025-02-13
149.0,2025-02-13 00:00:00,15:00:00,MOLIENDA,TOLVA,200541.0,LEVANTE,106.0,45.0,21.0,,,,,,"2,5-4,0",1.15,1.58,8.69,7.26,81.32,,VANESSA LOSADA,,,,2025-02-13
150.0,2025-02-13 00:00:00,06:00:00,MOLIENDA,TOLVA,200544.0,FINALIZADOR,105.0,55.0,50.0,,,,,,"2,5-3,0",0.28,0.86,8.25,7.42,83.19,,VANESSA LOSADA,,,,2025-02-13
151.0,2025-02-13 00:00:00,13:00:00,MOLIENDA,TOLVA,200541.0,LEVANTE,106.0,45.0,12.0,,,,,,"2,5-3,0-4,0",0.32,0.8,5.4,3.48,90.0,,VANESSA LOSADA,,,,2025-02-13
152.0,2025-02-13 00:00:00,13:00:00,PELLET,ZARANDA 1,200541.0,LEVANTE,106.0,45.0,4.0,500.0,448.0,89.6,2.5,10.400000000000006,,,,,,,,VANESSA LOSADA,,,,2025-02-13
153.0,2025-02-13 00:00:00,19:07:00,PELLET,ZARANDA 1,200541.0,LEVANTE,106.0,45.0,29.0,500.0,436.5,87.3,2.8,12.700000000000003,,,,,,,,VANESSA LOSADA,,,,2025-02-13
155.0,2025-02-13 00:00:00,13:40:00,PELLET,ZARANDA 1,200541.0,LEVANTE,106.0,45.0,7.0,500.0,450.0,90.0,2.7,10.0,,,,,,,,VANESSA LOSADA,,,,2025-02-13
156.0,2025-02-13 00:00:00,15:50:00,PELLET,ZARANDA 1,200541.0,LEVANTE,106.0,45.0,15.0,500.0,438.0,87.6,2.6,12.400000000000006,,,,,,,,VANESSA LOSADA,,,,2025-02-13
157.0,2025-02-13 00:00:00,18:25:00,PELLET,ZARANDA 1,200544.0,FINALIZADOR,105.0,55.0,49.0,500.0,437.5,87.5,2.4,12.5,,,,,,,,VANESSA LOSADA,,,,2025-02-13
158.0,2025-02-13 00:00:00,17:02:00,PELLET,ZARANDA 1,200544.0,FINALIZADOR,105.0,55.0,43.0,500.0,455.5,91.1,2.8,8.900000000000006,,,,,,,,VANESSA LOSADA,,,,2025-02-13
159.0,2025-02-13 00:00:00,21:00:00,MOLIENDA,TOLVA,200543.0,ENGORDE,107.0,30.0,6.0,,,,,,"2,5-4,0",0.24,0.88,5.22,3.6,90.06000000000002,,VANESSA LOSADA,,,,2025-02-13
160.0,2025-02-13 00:00:00,21:13:00,PELLET,ZARANDA 1,200541.0,LEVANTE,106.0,45.0,39.0,500.0,436.0,87.2,2.4,12.799999999999997,,,,,,,,VANESSA LOSADA,,,,2025-02-13
161.0,2025-02-14 00:00:00,01:00:00,MOLIENDA,TOLVA,200543.0,ENGORDE,107.0,30.0,13.0,,,,,,"2,5-3,0",0.12,1.04,4.88,4.22,89.74,,VANESSA LOSADA,,,,2025-02-14
162.0,2025-02-14 00:00:00,01:00:00,PELLET,ZARANDA 1,200543.0,ENGORDE,107.0,30.0,4.0,500.0,438.5,87.7,2.1,12.299999999999997,,,,,,,,VANESSA LOSADA,,,,2025-02-14
163.0,2025-02-14 00:00:00,03:00:00,MOLIENDA,TOLVA,200543.0,ENGORDE,107.0,30.0,23.0,,,,,,"2,5-4,0",0.24,0.44,4.86,4.5,89.96000000000001,,VANESSA LOSADA,,,,2025-02-14
164.0,2025-02-14 00:00:00,03:00:00,PELLET,ZARANDA 1,200543.0,ENGORDE,107.0,30.0,14.0,500.0,445.0,89.0,2.6,11.0,,,,,,,,VANESSA LOSADA,,,,2025-02-14
165.0,2025-02-14 00:00:00,10:28:00,PELLET,ZARANDA 1,200543.0,ENGORDE,107.0,30.0,23.0,500.0,444.0,88.8,2.22,11.200000000000003,,,,,,,DANIEL P,NATALIA RODRIGUEZ,,,,2025-02-14
166.0,2025-02-14 00:00:00,11:00:00,MOLIENDA,TOLVA,200542.0,LEVANTE,108.0,45.0,5.0,,,,,,"2,-3-4",0.44,0.96,4.8,4.0,89.80000000000001,,NATALIA RODRIGUEZ,,,,2025-02-14
167.0,2025-02-14 00:00:00,17:00:00,MOLIENDA,TOLVA,200542.0,LEVANTE,108.0,45.0,16.0,500.0,,,,,"2,5-3-4",0.6,1.44,6.44,5.08,86.44000000000001,,NATALIA RODRIGUEZ,,,,2025-02-14
168.0,2025-02-14 00:00:00,15:20:00,PELLET,ZARANDA 1,200542.0,LEVANTE,108.0,45.0,5.0,500.0,445.0,89.0,1.66,11.0,,,,,,,DANIEL P,NATALIA RODRIGUEZ,,,,2025-02-14
169.0,2025-02-14 00:00:00,19:00:00,PELLET,ZARANDA 1,200542.0,LEVANTE,108.0,45.0,20.0,500.0,450.0,90.0,2.61,10.0,,,,,,,DAIRO C,NATALIA RODRIGUEZ,,,,2025-02-14
170.0,2025-02-14 00:00:00,19:40:00,MOLIENDA,TOLVA,200542.0,LEVANTE,108.0,45.0,33.0,,,,,,"2,5-3",0.64,1.4,6.2,5.36,86.39999999999999,,NATALIA RODRIGUEZ,,,,2025-02-14
171.0,2025-02-14 00:00:00,21:30:00,PELLET,ZARANDA 1,200542.0,LEVANTE,108.0,45.0,33.0,500.0,450.0,90.0,2.31,10.0,,,,,,,DAIRO C,NATALIA RODRIGUEZ,,,,2025-02-14
172.0,2025-02-14 00:00:00,22:40:00,PELLET,ZARANDA 1,200542.0,LEVANTE,108.0,45.0,37.0,500.0,453.0,90.6,2.8,9.400000000000006,,,,,,,DAIRO C,NATALIA RODRIGUEZ,,,,2025-02-14
173.0,2025-02-14 00:00:00,22:50:00,MOLIENDA,TOLVA,200541.0,LEVANTE,109.0,40.0,5.0,500.0,,,,,"2,5-3",0.92,2.12,8.6,6.24,82.12,,NATALIA RODRIGUEZ,,,,2025-02-14
174.0,2024-02-15 00:00:00,01:50:00,MOLIENDA,TOLVA,200541.0,LEVANTE,109.0,40.0,16.0,,,,,,"2,5-3",0.64,1.84,8.84,6.2,82.47999999999999,,NATALIA RODRIGUEZ,,,,2024-02-15
175.0,2024-02-15 00:00:00,03:00:00,PELLET,ZARANDA 1,200541.0,LEVANTE,109.0,40.0,4.0,500.0,444.0,88.8,2.66,11.200000000000003,,,,,,,,NATALIA RODRIGUEZ,,,,2024-02-15
176.0,2024-02-15 00:00:00,11:00:00,MOLIENDA,TOLVA,200541.0,LEVANTE,109.0,40.0,21.0,,,,,,"2,5-3",0.4,2.28,8.28,6.04,82.99999999999999,,NATALIA RODRIGUEZ,,,,2024-02-15
177.0,2024-02-15 00:00:00,12:00:00,PELLET,ZARANDA 1,200541.0,LEVANTE,109.0,40.0,15.0,500.0,453.0,90.6,2.75,9.400000000000006,,,,,,,,NATALIA RODRIGUEZ,,,,2024-02-15
178.0,2024-02-15 00:00:00,14:00:00,PELLET,ZARANDA 1,200541.0,LEVANTE,109.0,40.0,20.0,500.0,445.0,89.0,2.56,11.0,,,,,,,DANIEL P,NATALIA RODRIGUEZ,,,,2024-02-15
179.0,2024-02-15 00:00:00,17:30:00,PELLET,ZARANDA 1,200541.0,LEVANTE,109.0,40.0,35.0,500.0,406.0,81.2,2.43,18.799999999999997,,,,,,,DAIRO C,CAROLINA GELVES,DURABILIDAD FUERA DE PARÁMETRO,,,2024-02-15
180.0,2024-02-15 00:00:00,17:20:00,MOLIENDA,TOLVA,200119.0,FINALIZADOR,110.0,30.0,5.0,,,,,,"2,5 - 4,0",0.68,1.96,8.4,6.64,82.32,,CAROLINA GELVES,,,,2024-02-15
181.0,2024-02-15 00:00:00,21:50:00,PELLET,ZARANDA 1,200544.0,FINALIZADOR,110.0,30.0,8.0,500.0,454.0,90.8,2.81,9.200000000000003,,,,,,,DAIRO C,CAROLINA GELVES,,,,2024-02-15
182.0,2024-02-15 00:00:00,10:20:00,MOLIENDA,TOLVA,200119.0,FINALIZADOR,110.0,30.0,20.0,,,,,,"2,5 - 4,0",0.76,1.68,7.6,6.12,83.83999999999999,,CAROLINA GELVES,,,,2024-02-15
183.0,2024-02-16 00:00:00,00:00:00,PELLET,ZARANDA 1,200544.0,FINALIZADOR,110.0,30.0,19.0,500.0,458.0,91.6,3.16,8.400000000000006,,,,,,,DAIRO C,CAROLINA GELVES,,,,2024-02-16
184.0,2024-02-17 00:00:00,10:00:00,MOLIENDA,TOLVA,200119.0,FINALIZADOR,110.0,30.0,30.0,,,,,,"2,5 - 4,0",0.88,2.12,8.8,6.0,82.2,,CAROLINA GELVES,,,,2024-02-17
185.0,2024-02-17 00:00:00,11:40:00,MOLIENDA,TOLVA,200541.0,LEVANTE,111.0,4.0,4.0,,,,,,"2,5 - 4,0",0.76,1.68,7.56,5.48,84.51999999999998,,CAROLINA GELVES,,,,2024-02-17
186.0,2024-02-17 00:00:00,15:00:00,MOLIENDA,TOLVA,200107.0,LEVANTE,112.0,47.0,4.0,,,,,,"2,5 - 4,0",1.26,2.2,9.6,6.8,80.14,,CAROLINA GELVES,,,,2024-02-17
817.0,2024-10-27 00:00:00,18:20:00,PELLET,ZARANDA 1,200544.0,,,,,,,,,,,,,,,,,,,,,2024-10-27
818.0,2024-10-27 00:00:00,18:20:00,PELLET,ZARANDA 2,200544.0,,,,,,,,,,,,,,,,,,,,,2024-10-27
